Component ID,Component Name,Category,Component Type,Unit,Number of Units per Recipe,Packaging Type,Number of units,Storage Type,Description,Recipe
1767711996658,Coleslaw,Food,Veg,kg,1.000,,,Cold,,17677118960760.8860263176110316>Ingredient>>1767711693533-ada68o82u>1.000|17677119094930.8309943675142587>Ingredient>>1767711724748-dga2dc8wb>1.000|17677119330380.7602062173870222>Ingredient>>1763779404758-0-yvw67oq3n>1.000|17677119439500.8097570954939962>Ingredient>>1763781584933-2-32usee74l>1.000|17677119660900.22581007523391539>Ingredient>>1763779584342-44-vkrly1xpl>1.000|17677119771320.19234010938047486>Ingredient>>1763779586655-50-a09qy94l2>1.000|17677119928100.3498242280867543>Ingredient>>1763781584933-6-2bgxb9uxv>1.000
1775238562484,Sauce BBQ (Auxerre),Food,Sauce,kg,0.750,,,Cold,,17767638073770.8924621497783897>Ingredient>>1775222924996-1-84bcfhf1z>0.622|17767638195130.47819059067509606>Ingredient>>1775222925785-40-hr5fz1w7i>0.042|17767638836530.7036364386209912>Ingredient>>1763781587037-53-dprgmhv0w>0.037|17767638985150.5468603495045726>Ingredient>>1775222924996-8-n0l8qq3zd>0.009|17767639099260.43493696078065314>Ingredient>>1775200322908-ubl4awzxw>0.006|17767639208240.07273132088638135>Ingredient>>1775202293380-9elvksfxp>0.002|17767639302560.8969346011960233>Ingredient>>1775222925418-25-s4a5gonh3>0.002
1775238763953,Sauce burger (Auxerre),Food,Sauce,kg,0.750,Pipette,0.750,Cold,,17767635255760.324138094722479>Ingredient>>1775222924996-4-25hv8vyml>0.418|17767635974850.5487730222359842>Ingredient>>1775222924996-1-84bcfhf1z>0.167|17767636270890.79197759246189>Ingredient>>1775201984569-xjro6ayzh>0.084|17767636516650.9288320875941165>Ingredient>>1775222924996-8-n0l8qq3zd>0.560|17767636757710.7448411694520486>Ingredient>>1775222925238-19-ir9mtktto>0.019|17767636987570.5951828787378235>Ingredient>>1775222925418-25-s4a5gonh3>0.005
1775239175124,Sauce César (Auxerre),Food,Sauce,kg,0.750,,,Cold,,17752388074680.9482657426126744>Ingredient>>1775222925785-41-3l7j2v3x5>0.572|17752388215010.09466100273481581>Ingredient>>1775222925418-20-9f61y40e2>0.071|17752388449180.7505225687655752>Ingredient>>1775203727150-awot3bip4>0.034|17752388642490.6160004096677061>Ingredient>>1775200322908-ubl4awzxw>0.026|17752390169780.9839634136563304>Ingredient>>1775222925626-33-boz1hww1o>0.026|17752390434950.3934019407559304>Ingredient>>1775222925785-49-xk5g3cr5l>0.012|17752390666100.27516979432574507>Ingredient>>1775222925418-25-s4a5gonh3>0.009
1775239477216,Pulled beef bourguignon (Auxerre),Food,Meat,kg,1.000,,,Cold,,17752392833040.3040586137316811>Ingredient>>1775200899056-3n77c4010>0.200|17752393209690.49902094740735503>Ingredient>>1775201284500-44tnndjsp>0.010|17752394060180.07415842469220457>Ingredient>>1775222924996-5-aqebl1fln>0.200|17752394258170.17099705104397522>Ingredient>>1775222925626-33-boz1hww1o>0.001|17752394548330.11122887435372109>Ingredient>>1775222925418-25-s4a5gonh3>0.001|17757371275910.31797988527645027>Ingredient>>1775737070623-qnu1m4cl8>1.000|17774997805770.6410638929276452>Ingredient>>1777499658827-qxbnvzoso>0.050
1775239770283,Chimichuri (Auxerre),Food,Sauce,piece,1.000,,,Cold,,17752395447960.6635247726674435>Ingredient>>1775222925418-22-agu8l1297>0.007|17752396377940.9844000954823607>Ingredient>>1775222925785-49-xk5g3cr5l>0.004|17752396677260.10014949119226557>Ingredient>>1775202455344-eqtos6vtw>0.001|17752396871080.5898066292767815>Ingredient>>1775200179285-jg1g2bu0i>0.001|17752397090420.3118533450690887>Ingredient>>1775222925785-40-hr5fz1w7i>0.001|17767653847060.9615182841211697>Ingredient>>1775222925626-33-boz1hww1o>0.001|17767654183940.0015115014438054075>Ingredient>>1775222925418-25-s4a5gonh3>0.001
1775240148279,Pickles (Auxerre),Food,Veg,kg,1.000,Can,1.000,Cold,,17774777186290.08182373098632889>Component>comp-1761518359520>0.014|17774853300240.8502638074782953>Ingredient>>1775222925785-40-hr5fz1w7i>0.002|17774853609890.03099758773687722>Ingredient>>mp-1761526392482-1>0.001|17774853832060.3939846425922505>Ingredient>>1775200602045-wz19cmoey>0.001|17774854217060.7436609708019328>Ingredient>>1775222925626-35-tcy4f0zda>0.002|17774854468910.5452720233776344>Ingredient>>1775222925626-39-05wwj2lvl>0.003|17774854803900.4321077602949963>Ingredient>>1775201720158-d3gqfv6oj>1.000
1775240297891,Compoté d'oignons (Auxerre),Food,Sauce,kg,1.000,,,Cold,,17752402406250.5962302406593877>Ingredient>>1775222925785-42-4vnqlkk63>0.030|17752402663590.28950205176913146>Ingredient>>1775222925626-35-tcy4f0zda>0.005|17752402803580.43305979772914516>Ingredient>>1775222925626-33-boz1hww1o>0.001
1775241014938,Mayonnaise épicée,Food,Sauce,kg,0.750,,,Dry,,17752408940910.5022277244032859>Ingredient>>1775222924996-4-25hv8vyml>0.690|17752410050370.8350904005441695>Ingredient>>1775222925238-19-ir9mtktto>0.030
1776764671381,Sauce BBQ (Paris),Food,Sauce,kg,0.750,,,Cold,,17767644412910.8837416030332935>Ingredient>>1776437197120-paoabk4e5>0.622|1780297927536-3546078397011714>Ingredient>>1763753075454-0-q7mpzszj1>0.420|1780297975430-37248133891400625>Ingredient>>1776437368936-014l0jbbn>0.040|1780298021072-3604318369063404>Ingredient>>1776693501567-lhlfw3xy0>0.032|1780298057790-91853103341469>Ingredient>>1776691615730-ohpnjwyh4>0.010|1780298091977-44993468889673127>Ingredient>>1776437482736-wff47yf1l>0.004|1780298155489-8787290694795659>Ingredient>>1780057606110-i0sjnt5u0>0.005|1780307090822-35094087742464364>Ingredient>>1776690341872-6lv9yc5tl>0.010
1776764920237,Sauce burger (Paris),Food,Sauce,kg,0.750,,,Dry,,1780299464534-7029395508265639>Ingredient>>1776437133738-0i4c4ik6s>0.430|1780299471847-7393259018268205>Ingredient>>1776437197120-paoabk4e5>0.170|1780299489740-2015589823634545>Ingredient>>1776692331171-nep6vlpex>0.080|1780299520966-3753458568984055>Ingredient>>1776690341872-6lv9yc5tl>0.060|1780299532593-8848289842535374>Ingredient>>1780057497228-mnldy3vne>0.020|1780299547089-26350992544699514>Ingredient>>1780057606110-i0sjnt5u0>0.010
1776765316935,Chimichuri (Paris),Food,Sauce,kg,2.500,,,Dry,,1780300069375-1520250829372276>Ingredient>>1776677305607-cqbrj1507>1.200|1780300078656-6631837448364608>Ingredient>>1776686819848-l9kwsb1as>0.600|1780300113561-7452411189909501>Ingredient>>1776689443128-4lzks3ka9>0.240|1780300128786-8003857695225558>Ingredient>>1763753075454-0-q7mpzszj1>0.121|1780300138333-94059721753319>Ingredient>>1776688203388-ewsrq2hpv>0.050|1780300148282-6816746991114488>Ingredient>>1780057606110-i0sjnt5u0>0.020|1780300534144-32114208519605425>Ingredient>>1780300473170-nhb3hrjcw>0.240
1776765976166,Coleslaw (Paris),Food,Veg,kg,1.000,,,Dry,,1780301485362-30771029842334485>Ingredient>>1776689787091-q82id6mss>0.400|1780301498313-7047190496115975>Ingredient>>1776689833996-38up4jcdv>0.400|1780301509521-3309284511252636>Ingredient>>1776698000207-es3jd0igb>0.100|1780301518604-964959092945818>Ingredient>>1776437133738-0i4c4ik6s>0.100|1780301531379-5248402213872767>Ingredient>>1763753075454-0-q7mpzszj1>0.030
1776766376617,Béchamel (Paris),Food,Sauce,kg,0.800,,,Dry,,17767661656680.4055208392313817>Ingredient>>1776688385697-kztfnwsjz>0.040|17767661754150.6108095120502192>Ingredient>>1776436924637-g4tpccvkq>0.040|17767661879620.5097005383385296>Ingredient>>1776677624085-beskt1v8q>0.450|17767662277670.7819853408893735>Ingredient>>1776677961209-pbwa6kwej>0.120|17767662491600.8343605127943637>Ingredient>>1776678370482-5oca2fk8v>0.050|1780301977623-6398584263935299>Ingredient>>1780057757427-2yb0ltdre>0.003
1776766835589,Ketchup de betterave (Paris),Food,Sauce,kg,0.750,,,Dry,,1780299712447-8713942751902349>Ingredient>>1776692973140-vi0gac7wd>0.450|1780299720926-12874176832319728>Ingredient>>1776686755556-4489tp3xs>0.070|1780299746369-24212273545609608>Ingredient>>1763781586624-40-pkan9k3yz>0.070|1780299757746-3700681071465517>Ingredient>>1763753075454-0-q7mpzszj1>0.216|1780299772028-4009298624598052>Ingredient>>1780057497228-mnldy3vne>0.020|1780299779609-6940593655399923>Ingredient>>1776688203388-ewsrq2hpv>0.010|1780299791271-8288836376061541>Ingredient>>1780057710292-1evqrq52e>0.007
1780299329824,Sauce pleurote (Paris),Food,Sauce,kg,0.750,,,Dry,,1780299158339-1075143643080132>Ingredient>>1776437197120-paoabk4e5>0.622|1780299166503-8072873720845348>Ingredient>>1763753075454-0-q7mpzszj1>0.042|1780299180264-21307787781634113>Ingredient>>1776437368936-014l0jbbn>0.040|1780299228865-5864500737626104>Ingredient>>1776690341872-6lv9yc5tl>0.010|1780299241826-2818332573333586>Ingredient>>1776691615730-ohpnjwyh4>0.010|1780299250788-2232267030688777>Ingredient>>1776437482736-wff47yf1l>0.003|1780299257904-6657153166664164>Ingredient>>1780057606110-i0sjnt5u0>0.006
1780300776346,Sauce tartare (Paris),Food,Sauce,kg,0.750,,,Dry,,1780300597471-1207442027258041>Ingredient>>1776437133738-0i4c4ik6s>0.530|1780300626947-7236745431033859>Ingredient>>1780300473170-nhb3hrjcw>0.080|1780300643089-3389450375529378>Ingredient>>1776677305607-cqbrj1507>0.030|1780300651591-8021605363506298>Ingredient>>1763753075454-0-q7mpzszj1>0.023|1780300662883-2582086223463267>Ingredient>>1776688203388-ewsrq2hpv>0.010|1780300670681-654744791620048>Ingredient>>1780057606110-i0sjnt5u0>0.009
1780300973614,Pulled pleurote (Paris),Food,Veg,kg,2.400,,,Dry,,1780300869081-48322295836868445>Ingredient>>1776693024658-gozply0ys>2.400|1780300876462-22239570074660642>Component>1780299329824>0.020
1780301397424,Pulled chicken BBQ (Paris),Food,Meat,kg,2.000,,,Dry,,1780301157821-7009151761930089>Ingredient>>1776437715967-tivdfxajl>1.200|1780301170934-8421963235299145>Ingredient>>1780057497228-mnldy3vne>0.010|1780301179046-5447643235542275>Ingredient>>1776688203388-ewsrq2hpv>0.010|1780301189674-8925851650785979>Ingredient>>1780057606110-i0sjnt5u0>0.004|1780301203373-26800247615622064>Component>1776764671381>0.800
1780301845611,Pickles (Paris),Food,Veg,kg,1.500,,,Dry,,1780301686932-8723151322985564>Ingredient>>1763781584933-4-cumwcq5rv>1.400|1780301698645-7125476364334029>Ingredient>>1780058785728-lde21jawk>0.280|1780301709008-2588546020278265>Ingredient>>1763753075454-0-q7mpzszj1>0.210|1780301718203-23151722588727486>Ingredient>>1780058331393-bttemcykr>0.100
1780304474437,Cookie (Paris),Food,Biscuit,piece,250.000,,,Dry,,1780304292414-2614509954884108>Ingredient>>1776688385697-kztfnwsjz>3.750|1780304302948-6830101083906681>Ingredient>>1776437368936-014l0jbbn>3.250|1780304311692-13923894292648964>Ingredient>>1780056000710-vrib7s0qp>1.500|1780304336299-39756769357199795>Ingredient>>1776437424785-rft48ooi9>4.750|1780304346710-1535541755033073>Ingredient>>1776437316819-vxoulsieb>4.000|1780304358375-28581836351840584>Ingredient>>1776436850339-ap53wcyky>3.750|1780304368290-9123532349774428>Ingredient>>1776435956242-v3ysqtioq>0.250
1780305076782,Mac & cheese (Paris),Food,Veg,piece,1.000,,,Dry,,1780305010006-5501770911182398>Ingredient>>1776436769855-c5458q10y>0.110|1780305032598-6112099697737325>Ingredient>>1763778830789-22-a2rfqfcb3>1.000|1780305237795-8196153268317351>Component>1776766376617>0.080
1780305924363,Croque veggie (Paris),Food,Veg,piece,1.000,,,Dry,,1780305827828-6665664903141674>Ingredient>>1776437025304-aer4duhym>2.000|1780305855584-7416099086014717>Ingredient>>1776689052318-wmgb2v5s3>0.180|1780305877344-08934902998539773>Ingredient>>1776677961209-pbwa6kwej>0.020|1780305896436-16029167117506649>Component>1776766376617>0.080
comp-1761518359520,Jus Pickle (Aux),Food,Sauce,kg,1.000,,,Cold,,17774855259400.6914966190246037>Ingredient>>1775222925626-39-05wwj2lvl>0.200|17774855425570.0456504899333503>Ingredient>>1775222925626-35-tcy4f0zda>0.150|17774855567900.3113416361558222>Ingredient>>1775200602045-wz19cmoey>0.010|17774856274570.9289151680689212>Ingredient>>1775222925785-40-hr5fz1w7i>0.100|17774856471900.24361507587955755>Ingredient>>mp-1761526392482-1>0.010|17774856653400.7335220029494113>Ingredient>>1777473113970-98cpi5lhr>5.000
comp-1761526960386,Poulet Wrap (Paris),Food,Meat,piece,1.000,,,Cold,,1780304683583-41615094705820665>Ingredient>>1776435517543-4oqwmgdwm>1.000|1780304705540-5784004018945392>Ingredient>>1775222925626-36-i6fdlrny1>0.150|1780304741140-008786875467720057>Component>1776764920237>0.020|1780304780150-1731338392133377>Ingredient>>1776689210962-6jb4zzgkc>0.010|1780304800309-6269030590665621>Ingredient>>1776689787091-q82id6mss>0.010|1780304818188-22869427652414898>Ingredient>>1763778830789-22-a2rfqfcb3>1.000