Item ID,Item Name,Good Type,Ingredient Category,Recipe Unit,Purchase Unit,Purchase Unit Conversion,Market Prices
1774987340963-9uit3bt4d,Coca-Cola Cherry - CAN 33CL,Beverage,Soft Drink,pc,pc,1,1774987340963-9uit3bt4d>33cl - 122641>supplier-1762287668036>France Boissons IDF>Beverage>Carton>24>pc>20.77>Carton>24>1>1>60>30>15
1775289453335-jnn6u82ig,Vin rouge - Minuty prestige,Beverage,Wine,l,pc,1.33,1775289453335-jnn6u82ig>PFC - Minuty prestige rouge>supplier-1767860945083>Moet hennessy>Beverage>Bottle>1>pc>12.67>Carton>6>>>>>
market-price-1761752109642,Pomme de terre,Food,Starchy,kg,kg,1,market-price-1761752109642>Arena - PDT lavée 10kg>supplier-1776677164417>M.Charraire>Food>Bag>1>kg>1.08>Bag>10>5>1>10>10>10|1780062481932-2w066sxic>Agria lavée filet 15kg>supplier-1776677164417>M.Charraire>Food>Bag>15>kg>12.45>Bag>15>>>>>|1777499989828-wblk1w8it>Pomme de Terre>supplier-1761652156967>Metro Auxerre>Food>Bag>5>kg>5.65>Bag>1>>>>>|1776697915119-my72di1ll>Arena - PDT bintj brossés 25kg>supplier-1776677164417>M.Charraire>Food>Bag>1>kg>0.58>Bag>25>>>>>
market-price-1762288192688,Heineken - 30L,Beverage,Beer,l,l,1,market-price-1762288192688>30L - 97084>supplier-1762287668036>France Boissons IDF>Beverage>Fût>30>l>93.61>Fût>30>30>1>50>50>60
mp-1761526392482-1,Canelle,Food,Spice,kg,kg,1,mp-1761526392482-1>Canelle>supplier-1761652156967>Metro Auxerre>Food>Plastic Bag>0.5>kg>10.25>Plastic Bag>0.5>>>>>
1776350386528-bjcbnmz3x,Spritz rose - 20L,Beverage,Sparkling Wine,l,l,1,1776350386528-bjcbnmz3x>Spritz rose - 20L>supplier-1762287668036>France Boissons IDF>Beverage>BIB>20>l>291.90>BIB>20>>>>>
mp-1761526395206-17,Miel,Food,Vegetable,kg,kg,1,mp-1761526395206-17>Miel>supplier-1761662500738>Cercle vert>Food>>5>kg>27.00>>>>>>>|1763781586624-40-pkan9k3yz>Miel>supplier-1761662500738>Cercle vert>Food>>5>kg>26.96>>>>>>>
1767784757771-vto7sce98,Schweppes Indian tonic,Beverage,Soft Drink,l,pc,1,1767784757771-vto7sce98>1L - 119978>supplier-1762287668036>France Boissons IDF>Beverage>Bottle>6>pc>10.74>Carton>6>>>>>|1777558821371-v68agfr4x>Schweppes Indian tonic 6*1L>supplier-1762287668036>France Boissons IDF>Beverage>Bottle>1>pc>1.80>Carton>6>>>>>
1774987688817-0p3jjh31a,Coca-Cola Cherry - PET 50CL,Beverage,Soft Drink,pc,pc,1,1774987688817-0p3jjh31a>PET 50 - 122634>supplier-1762287668036>France Boissons IDF>Beverage>Bottle>24>pc>30.90>Bottle>24>1>1>85>40>20
1774988511268-kckagmxf4,Coca-Cola Sans Sucre - CAN 33CL,Beverage,Soft Drink,pc,pc,1,1774988511268-kckagmxf4>33 CL - 122643>supplier-1762287668036>France Boissons IDF>Beverage>Carton>24>pc>16.72>Carton>24>1>1>70>35>15
1776348039785-hj2hhjrgn,Powerade - PET 50CL,Beverage,Soft Drink,pc,pc,1,1776348039785-hj2hhjrgn>Powerade 50CL>supplier-1762287668036>France Boissons IDF>Beverage>Can>1>pc>1.48>Carton>24>>>>>
1774988660249-9u5oj0ni3,Coca-Cola Sans Sucre  - PET 50CL,Beverage,Soft Drink,pc,pc,1,1774988660249-9u5oj0ni3>PET 50 - 122635>supplier-1762287668036>France Boissons IDF>Beverage>>24>pc>26.65>>>1>1>85>40>20
1779439261776-toaedgiho,Barquette bateau kraft frites,Packaging,,pc,pc,1,1779439261776-toaedgiho>BOATKR42>supplier-1779293671638>De Facto>Packaging>Carton>1000>pc>61.20>Plastic Bag>100>>>>>
1770890771495-35-o4ahf0034,Galette Wrap,Food,,,pc,,1770890771495-35-o4ahf0034>Galette Wrap>>>Food>>100>pc>23.50>>>>>>>|1763781586276-35-q3xrbmw5k>Galette Wrap>supplier-1761652156967>Metro Auxerre>Food>>100>pc>23.46>>>>>>>
1779439557527-i7f3svsf1,Caissette blanche Burger + Frites,Packaging,,pc,pc,1,1779439557527-i7f3svsf1>K7PT23>supplier-1779293671638>De Facto>Packaging>Plastic Bag>100>pc>9.50>Plastic Bag>100>>>>>
1776350125662-urxmtw307,Beavertown Gamma Ray IPA,Beverage,Beer,l,l,1,1776350125662-urxmtw307>Beavertown Gamma Ray IPA>supplier-1762287668036>France Boissons IDF>Beverage>Fût>30>l>258.09>Fût>30>>>>>
1779439661214-4hnv6zxzo,Serviettes,Packaging,,,pc,,1779439661214-4hnv6zxzo>OSTNR30>supplier-1779293671638>De Facto>Packaging>Carton>3200>pc>45.63>Carton>3200>>>>>
1774989803172-jd067wtr8,Fuze Tea - CAN 33cl,Beverage,Soft Drink,pc,pc,1,1774989803172-jd067wtr8>33cl - 103473>supplier-1762287668036>France Boissons IDF>Beverage>Carton>24>pc>16.42>Carton>24>1>1>70>35>15
1774989985256-gjx01k3yc,Fuze Tea - PET 40cl,Beverage,Soft Drink,pc,pc,1,1774989985256-gjx01k3yc>PET 40 - 112949>supplier-1762287668036>France Boissons IDF>Beverage>Carton>12>pc>10.98>Carton>12>1>1>85>40>20
1779439908865-r5esj5nok,Fourchettes en bois,Packaging,,,pc,,1779439908865-r5esj5nok>FCHTBDF>supplier-1779293671638>De Facto>Packaging>Carton>1000>pc>25.24>Plastic Bag>100>>>>>
1779440293162-bw48y9rfm,Pailles,Packaging,,,pc,,1779440293162-bw48y9rfm>CHLMPAPBR06>supplier-1779293671638>De Facto>Packaging>Plastic Bag>250>pc>4.08>Plastic Bag>250>>>>>
1779440569410-g0bj7wzb8,Barquette Hot dog,Packaging,,pc,pc,1,1779440569410-g0bj7wzb8>PELHOT>supplier-1779293671638>De Facto>Packaging>Carton>1200>pc>75.83>Plastic Bag>200>>>>>
1779440734149-lkd1j87yn,Pochette Kraft,Food,,,pc,,1779440734149-lkd1j87yn>OPENPACK180>supplier-1779293671638>De Facto>Food>Carton>3000>pc>88.15>Plastic Bag>100>>>>>
1779440890466-tqo869651,Pot à soupe,Packaging,,,pc,,1779440890466-tqo869651>PTSKR24DF>supplier-1779293671638>De Facto>Packaging>Carton>500>pc>36.47>Plastic Bag>50>>>>>
1763778310671-3-6q46gga4d,Vinaigre Blanc,Food,,l,l,1,1763778310671-3-6q46gga4d>Vinaigre Blanc>supplier-1761652156967>Metro Auxerre>Food>Bottle>5>l>5.50>Bottle>5>>>>>|1780058785728-lde21jawk>Vinaigre Blanc 1.5L (2615)>supplier-1761662500738>Cercle vert>Food>Bottle>1.5>l>0.70>Bottle>1>>>>>|1775222925626-39-05wwj2lvl>VINAIGRE BLANC 10L>supplier-1761652156967>Metro Auxerre>Food>Bottle>10>l>7.28>Bottle>10>>>>>|1776691697063-lyxv5fk48>Vinaigre blanc 10l (12677)>supplier-1761662500738>Cercle vert>Food>Bottle>10>l>5.00>Bottle>10>>>>>
1779441637742-c2n8uthqo,Couvercle pot à soupe translucide,Packaging,,,pc,,1779441637742-c2n8uthqo>CPTSPL33DF>supplier-1779293671638>De Facto>Packaging>Carton>500>pc>26.01>Plastic Bag>50>>>>>
1779442635070-qusjca5rh,Pot à grande salade,Packaging,,,pc,,1779442635070-qusjca5rh>PTSKH50DF>supplier-1779293671638>De Facto>Packaging>Carton>300>pc>29.09>Plastic Bag>50>>>>>
1779442772674-dret5uoii,Couvercle pot à grande salade,Packaging,,,pc,,1779442772674-dret5uoii>CVPTSKH75DF>supplier-1779293671638>De Facto>Packaging>Carton>300>pc>24.83>Plastic Bag>50>>>>>
1779442889877-tua2rko2j,Couteau en bois,Packaging,,,pc,,1779442889877-tua2rko2j>CUTOBDF>supplier-1779293671638>De Facto>Packaging>Carton>1000>pc>20.51>Plastic Bag>100>>>>>
1779442980679-ya8p83h8l,Cuillère en bois,Packaging,,,pc,,1779442980679-ya8p83h8l>CIRBDF>supplier-1779293671638>De Facto>Packaging>Carton>1000>pc>23.08>Plastic Bag>100>>>>>
1775289279770-35ibdfo2q,Waterco - Eau plate,Beverage,Water,pc,pc,1,1775289279770-35ibdfo2q>Gourde alu - eau plate>supplier-1767789799195>Waterco>Beverage>Bottle>1>pc>1.75>Carton>9>>>>>
1779443934150-4omm34wkk,Sac Kraft,Packaging,,,pc,,1779443934150-4omm34wkk>SKFL1BR>supplier-1779293671638>De Facto>Packaging>Carton>250>pc>24.80>Carton>250>>>>>
1763778830789-20-c7ua76l1l,Huile Olive,Food,,,liter,,1763778830789-20-c7ua76l1l>Huile Olive>supplier-1761652156967>Metro Auxerre>Food>>5>liter>33.02>>>>>>>|1775203319212-gaqq1pwk4>Huile olive vierge >supplier-1761652156967>Metro Auxerre>Food>Bottle>5>l>34.99>Bottle>5>>>>>|1775222925785-49-xk5g3cr5l>HUILE OLIVE VE 1L ARO>supplier-1761652156967>Metro Auxerre>Food>Bottle>1>l>6.34>Bottle>1>>>>>|1776686819848-l9kwsb1as>Arena - Huile olive vierge extra 5L (28520)>supplier-1761662500738>Cercle vert>Food>Bottle>5>l>29.00>Bottle>5>>>>>
1763778830789-21-b126ig43x,Carotte râpée,Food,Vegetable,kg,kg,1,1763778830789-21-b126ig43x>Carotte râpée>supplier-1761667267932>Saint Prim>Food>>1>kg>2.77>>>>>>>|1775201284500-44tnndjsp>Carottes râpées >supplier-1761652156967>Metro Auxerre>Food>>1>kg>3.51>>>>>>>|1776437997733-f5c35vpqh>5508 - Carotte râpée 1kg >supplier-1776437642936>Beaugrain>Food>Bag>1>kg>2.33>Bag>1>>>>>|1776689787091-q82id6mss>Carotte râpé (4CARA9RCS)>supplier-1776677164417>M.Charraire>Food>Bag>1>kg>2.47>Bag>1>>>>>
1776350192878-9v86hzlgb,Desperados - 20L,Beverage,Beer,l,l,1,1776350192878-9v86hzlgb>Desperados Sunlight - 20L>supplier-1762287668036>France Boissons IDF>Beverage>Bottle>20>l>83.08>Bottle>1>>>>>
1775222925418-26-ih8qp83kg,Filet blanc de poulet halal,Food,Meat,kg,KG,1,1775222925418-26-ih8qp83kg>FILET POULET BLANC HALAL 2.5KG S/AT>supplier-1761652156967>Metro Auxerre>Food>>2.5>KG>21.51>>>>>>>|1776437715967-tivdfxajl>VO155 - Pillet poulet FR Halal VRAC>supplier-1776437642936>Beaugrain>Food>Bag>10>kg>89.00>Bag>1>>>>>|1776438647964-q30uwgkoi>Filet de poulet UE>supplier-1776437642936>Beaugrain>Food>Bag>5>kg>41.75>Bag>5>>>>>|1776686936727-qges73sog>Fillet de poulet fr halal>supplier-1761663146414>Marguerite>Food>Bag>1>kg>9.50>Bag>1>>>>>
1779462731806-wza4ekue3,Tenders de Poulet Halal,Packaging,,,kg,,1779462731806-wza4ekue3>TENDERS AU POULET EPICE CUIT poids fixe 1Kg MEDINA HALAL>supplier-1779461847041>Guillet >Packaging>Carton>1>kg>8.06>Carton>1>>>>>
1763781585334-19-433xuw098,Graine Coriandre,Food,,,kg,,1763781585334-19-433xuw098>Graine Coriandre>supplier-1761652156967>Metro Auxerre>Food>>0.25>kg>1.86>>>>>>>
1763781586276-37-5ktww122b,Noix Hachées,Food,,kg,kg,1,1763781586276-37-5ktww122b>Noix Hachée>supplier-1761652156967>Metro Auxerre>Food>>1>kg>8.76>>>>>>>
1763781586624-46-eddoqv8cs,Huile Pépin de raisin,Food,Condiment,l,liter,1,1763781586624-46-eddoqv8cs>Huile Pépin>supplier-1761652156967>Metro Auxerre>Food>>1>liter>4.46>>>>>>>|1776686755556-4489tp3xs>Huile pépin de raisin 1l (27767)>supplier-1761662500738>Cercle vert>Food>Bottle>1>l>4.00>Bottle>1>>>>>
1763781587037-55-i04jtdbji,Lait Fermenté,Food,,,kg,,1763781587037-55-i04jtdbji>Lait Fermenté>supplier-1761652935093>Alazard>Food>>1>kg>1.95>>>>>>>|1775222926159-63-lvzmrqymt>LAIT FERMENTÉ 1L>supplier-1761652156967>Metro Auxerre>Food>>1>L>1.58>>>>>>>|1776688672456-7uxje7r5q>Lait fermenté 1l - Alsace lait>supplier-1761652935093>Alazard>Food>Bottle>1>pc>2.45>Bottle>1>>>>>|1776698786324-654md6lam>Lait fermenté 1l - paysan breton >supplier-1761652935093>Alazard>Food>Bottle>1>l>2.20>Bottle>1>>>>>
1763781585716-29-5dt4dm1ca,Maizena,Food,,,kg,,1763781585716-29-5dt4dm1ca>Maizena>supplier-1761652156967>Metro Auxerre>Food>>2.5>kg>11.66>>>>>>>
1763781586624-47-6fr6c50ak,Piment Poudre,Food,,,kg,,1763781586624-47-6fr6c50ak>Piment Poudre>supplier-1761652156967>Metro Auxerre>Food>>0.4>kg>2.96>>>>>>>
1763753075454-0-q7mpzszj1,Vinaigre Cidre,Food,Condiment,l,l,1,1763753075454-0-q7mpzszj1>Vinaigre Cidre (2606)>supplier-1761662500738>Cercle vert>Food>Bottle>0.75>l>1.52>Bottle>1>>>>>|1775222925785-40-hr5fz1w7i>VINAIGRE DE CIDRE 1L>supplier-1761652156967>Metro Auxerre>Food>>1>l>2.75>Bottle>1>>>>>
1763781586276-39-v71yq9z4a,Galette tortilla 25cm,Food,,,pc,,1763781586276-39-v71yq9z4a>Galette tortilla 25cm>supplier-1761652156967>Metro Auxerre>Food>>12>pc>3.44>>>>>>>|1776435517543-4oqwmgdwm>Tortillas 25cm (TORNAT25)>supplier-1767860980364>Prevogel>Food>Bag>108>pc>3.50>Bag>18>>>>>|1776686618085-2tlzn4xx8>Wrap tortilla nature 25cm >supplier-1761662500738>Cercle vert>Food>Carton>72>pc>41.64>Carton>72>>>>>
1763781586624-48-lg8f5ta59,Ail poudre,Food,,kg,kg,1,1763781586624-48-lg8f5ta59>Poudre Ail>supplier-1761652156967>Metro Auxerre>Food>>1>kg>7.56>>>>>>>
1763781585334-13-0y2gcnot8,Chocolat Noir 44%,Food,,,kg,,1763781585334-13-0y2gcnot8>Chocolat Noir 44%>supplier-1761652156967>Metro Auxerre>Food>>5>kg>38.40>>>>>>>
1763781584933-4-cumwcq5rv,Mini-Concombre,Food,,,kg,,1763781584933-4-cumwcq5rv>Mini-Concombre>supplier-1761662500738>Cercle vert>Food>>1>kg>0.76>>>>>>>
1763781586276-32-kutdzck31,Raisin Sec,Food,,,kg,,1763781586276-32-kutdzck31>Raisin Sec>supplier-1761652156967>Metro Auxerre>Food>>1>kg>5.26>>>>>>>
1763781584933-6-2bgxb9uxv,Sucre Blanc,Food,,kg,kg,1,1763781584933-6-2bgxb9uxv>Sucre Blanc>supplier-1761652156967>Metro Auxerre>Food>>20>kg>19.46>>>>>>>|1780058331393-bttemcykr>Sucre semoule (26596)>supplier-1761662500738>Cercle vert>Food>Bag>1>kg>1.10>Bag>1>>>>>|1775222925626-35-tcy4f0zda>SUCRE POUDRE 1KG ROCHAMBEAU>supplier-1761652156967>Metro Auxerre>Food>Bag>1>kg>1.50>Bag>1>>>>>
1763781585716-24-ur9xfbwom,Farine T55,Food,,kg,kg,1,1763781585716-24-ur9xfbwom>Farine Blé>supplier-1761652156967>Metro Auxerre>Food>>25>kg>18.71>>>>>>>|1776436924637-g4tpccvkq>Farine T55>supplier-1761662500738>Cercle vert>Food>Bag>1>kg>0.90>Bag>1>>>>>
1763781586624-42-i55aaa7e7,HdC Poulet,Food,,,kg,,1763781586624-42-i55aaa7e7>HdC Poulet>supplier-1761663146414>Marguerite>Food>>2.5>kg>7.86>>>>>>>
1763781587037-51-g6y7ypqbv,Tahini,Food,,,kg,,1763781587037-51-g6y7ypqbv>Tahini>supplier-1761652156967>Metro Auxerre>Food>>4.5>kg>39.86>>>>>>>
1763781585334-16-fcbeu2oev,Vinaigre Balsamique,Food,Condiment,l,liter,1,1763781585334-16-fcbeu2oev>Vinaigre Balsamique>supplier-1761652156967>Metro Auxerre>Food>>5>liter>13.96>>>>>>>
1763781585716-25-wlmyreb43,Moutarde French's,Food,,,kg,,1763781585716-25-wlmyreb43>Moutarde French's>supplier-1761652156967>Metro Auxerre>Food>>2.9>kg>13.86>>>>>>>
1763781586624-43-7dqp3pv1g,Oignons jaunes,Food,Vegetable,kg,kg,1,1763781586624-43-7dqp3pv1g>Oignon Jaune>supplier-1761667267932>Saint Prim>Food>Bag>10>kg>4.71>Bag>10>>>>>|1777499658827-qxbnvzoso>Oignon Jaune>supplier-1761652156967>Metro Auxerre>Food>Bag>10>kg>4.70>Bag>1>>>>>
1763781587037-52-fwwdlma8z,Thym,Food,Condiment,kg,kg,1,1763781587037-52-fwwdlma8z>Thym>supplier-1761652156967>Metro Auxerre>Food>>0.25>kg>2.46>>>>>>>
1763781584933-8-omoj5ng7m,Corn Flakes,Food,,,kg,,1763781584933-8-omoj5ng7m>Corn Flakes>supplier-1761652156967>Metro Auxerre>Food>>0.75>kg>2.86>>>>>>>
1763781585334-17-dw5ae882w,Poivre Blanc,Food,Spice,kg,kg,1,1763781585334-17-dw5ae882w>Poivre blanc>supplier-1761652156967>Metro Auxerre>Food>>1>kg>17.36>>>>>>>
1763781585716-26-1fomytgym,Concentré Tomate,Food,Vegetable,kg,kg,1,1763781585716-26-1fomytgym>Concentré Tomate>supplier-1761652156967>Metro Auxerre>Food>>0.44>kg>1.66>>>>>>>
1763781587037-53-dprgmhv0w,Worcestershire,Food,,l,liter,1,1763781587037-53-dprgmhv0w>Worcestershire>supplier-1761652156967>Metro Auxerre>Food>>4>liter>28.14>>>>>>>|1776693501567-lhlfw3xy0>Paris - Worcester 568 Ml (4183)>supplier-1761662500738>Cercle vert>Food>Bottle>0.568>l>5.40>Bottle>1>>>>>
1763781585716-27-jtkyxttcy,Roquette,Food,Vegetable,kg,kg,1,1763781585716-27-jtkyxttcy>Roquette>supplier-1761667267932>Saint Prim>Food>>1>kg>6.46>>>>>>>|1776695560462-01eirzmag>Arena - riquette >supplier-1776677164417>M.Charraire>Food>>1>kg>8.00>>1>>>>>
1763781586624-45-kwq246929,Gingembre Moulu,Food,,,kg,,1763781586624-45-kwq246929>Gingembre Moulu>supplier-1761652156967>Metro Auxerre>Food>>0.45>kg>4.74>>>>>>>
1775289684869-8x5fbs3ok,Vin rosé - Minuty M,Beverage,Wine,l,pc,1.333,1775289684869-8x5fbs3ok>Adidas arena - Minuty M>supplier-1767860945083>Moet hennessy>Beverage>Bottle>1>pc>10.64>Carton>6>>>>>
1775289841201-x7s7e2ria,Vin blanc - Minuty Prestige,Beverage,Wine,l,pc,1.33,1775289841201-x7s7e2ria>PFC - Minuty Prestige>supplier-1767860945083>Moet hennessy>Beverage>Bottle>1>pc>12.67>Carton>6>>>>>
1775222925418-28-pwrj3uv7c,Rillettes d'oie,Food,Meat,kg,KG,1,1775222925418-28-pwrj3uv7c>RILLETTES OIE 2KG>supplier-1761652156967>Metro Auxerre>Food>>2>KG>36.65>>>>>>>
1776349934129-zf3ic5ieg,Gallia Blonde - 30L,Beverage,Beer,l,l,1,1776349934129-zf3ic5ieg>Gallia blonde 30L>supplier-1762287668036>France Boissons IDF>Beverage>Fût>30>l>112.39>Fût>30>>>>>
1776349862430-04xvzavux,Gallia IPA - 20L,Beverage,Beer,l,l,1,1776349862430-04xvzavux>Gallia IPA 20L>supplier-1762287668036>France Boissons IDF>Beverage>Fût>20>l>90.06>Fût>20>>>>>
1776349767214-wd6r7m5js,Heineken 0% - 20L,Beverage,Beer,l,l,1,1776349767214-wd6r7m5js>Heineken 0%>supplier-1762287668036>France Boissons IDF>Beverage>Fût>20>l>60.78>Fût>20>>>>>
1775200179285-jg1g2bu0i,Ail pelé,Food,Condiment,kg,kg,1,1775200179285-jg1g2bu0i>Ail pelé>supplier-1761652156967>Metro Auxerre>Food>>1>kg>6.04>>>>>>>|1776689443128-4lzks3ka9>Paris - Ail épluche 4g au kilo (4AIEPEL)>supplier-1776677164417>M.Charraire>Food>Bag>1>kg>7.69>Bag>1>>>>>
1775200322908-ubl4awzxw,Ail Semoule,Food,Condiment,kg,kg,1,1775200322908-ubl4awzxw>Ail semoule>supplier-1761652156967>Metro Auxerre>Food>>1>kg>8.40>>>1>>>>|1776691615730-ohpnjwyh4>Arena - Ail semoule 1kg>supplier-1761662500738>Cercle vert>Food>Bag>1>kg>10.40>Bag>1>>>>>
1777556015885-6zsnjzs1m,Corona,Beverage,Beer,l,l,1,1777556015885-6zsnjzs1m>Corona Fut 20 L >supplier-1762287668036>France Boissons IDF>Beverage>Fût>20>l>69.63>Fût>20>>>>>
1777556135739-tnx14s3jn,Goose Islande IPA,Beverage,Beer,l,l,1,1777556135739-tnx14s3jn>Goose Islande IPA 20L>supplier-1762287668036>France Boissons IDF>Beverage>Fût>20>l>96.78>Fût>20>>>>>
1777556603439-8go00bvzp,Tropico PET 40cl,Beverage,Soft Drink,pc,pc,1,1777556603439-8go00bvzp>Tropico PET 40cl  120560>supplier-1762287668036>France Boissons IDF>Beverage>Carton>12>pc>11.88>Carton>12>>>>>
1775200602045-wz19cmoey,Badiane,Food,Condiment,kg,kg,1,1775200602045-wz19cmoey>Badiane >supplier-1761652156967>Metro Auxerre>Food>Plastic Bag>0.5>kg>18.42>Plastic Bag>0.5>>>>>
1777556738446-szy16yik0,Fanta orange - PET 50cl,Beverage,Soft Drink,pc,pc,1,1777556738446-szy16yik0>Fanta orange PET 50 122918>supplier-1762287668036>France Boissons IDF>Beverage>Carton>12>pc>13.40>Carton>20>>>>>
1775200738009-6pct688xj,Basilic,Food,,,kg,,1775200738009-6pct688xj>Basilic botte>supplier-1761652156967>Metro Auxerre>Food>>0.15>kg>5.44>>>>>>>
1777556850662-a42hbm7y4,Sprite - PET 50cl,Beverage,Soft Drink,pc,pc,1,1777556850662-a42hbm7y4>Sprite PET 50cl 122638>supplier-1762287668036>France Boissons IDF>Beverage>Carton>12>pc>13.65>Carton>12>>>>>
1775200830007-ern3d4g89,Beurre doux motte,Food,,kg,kg,1,1775200830007-ern3d4g89>Beurre dx>supplier-1761652156967>Metro Auxerre>Food>>0.5>kg>4.89>>>>>>>|1776688385697-kztfnwsjz>Beurre doux 5kg (BEUDOUXMOT5)>supplier-1761652935093>Alazard>Food>Bag>5>kg>49.00>Bag>5>>>>>|1775222925785-43-zd0j8jrf4>BEURRE DX ROULEAU 1KG PRES PRO>supplier-1761652156967>Metro Auxerre>Food>Bag>1>kg>10.05>Bag>1>>>>>
1775200899056-3n77c4010,Paleron,Food,,,kg,,1775200899056-3n77c4010>Paleron VBF>supplier-1761652156967>Metro Auxerre>Food>>1>kg>16.90>>>>>>>
1780053822875-k673ckbnm,Wrap veggie,Food,,,pc,,1780053822875-k673ckbnm>Wrap veggie>supplier-1775199633073>Croc wich>Food>Plastic Bag>1>pc>2.45>Plastic Bag>1>>>>>
1775201001987-g49fcyc1l,Buchette sucre,Beverage,,,pc,,1775201001987-g49fcyc1l>Buchette sucre >supplier-1761652156967>Metro Auxerre>Beverage>Carton>1000>pc>11.88>Carton>1000>>1000>>>|1776436231508-hd7xwl5kk>Buchette 4G>supplier-1761662500738>Cercle vert>Beverage>Carton>1000>pc>13.69>Carton>1>>>>>
1777557939289-d8s05ncpc,Pago ananas,Beverage,Soft Drink,l,pc,1,1777557939289-d8s05ncpc>Pago ananas 6*1L>supplier-1762287668036>France Boissons IDF>Beverage>Carton>6>pc>15.84>Carton>6>>>>>
1780053915009-q7gjconu7,Maxi croque - Jambon bechamel,Food,,,pc,,1780053915009-q7gjconu7>MAXI CROQUE JAMBON BECHAMEL	>supplier-1775199633073>Croc wich>Food>>1>pc>2.60>Carton>1>>>>>|1775222924996-2-gq761jzy3>MAXI CROQUE JAMBON BECHAMEL (MMJB)>supplier-1775199633073>Croc wich>Food>>1>pc>2.45>>1>>>>>
1777558226848-bqx8qgb26,Granini - Cranberry,Beverage,Soft Drink,l,pc,1,1777558226848-bqx8qgb26>Granini Cranberry 6*1l 82419>supplier-1762287668036>France Boissons IDF>Beverage>Bottle>1>pc>2.82>Carton>6>>>>>
1775201096203-g45345uj1,Café moulu,Beverage,,kg,kg,1,1775201096203-g45345uj1>Café rioba armonisio>supplier-1761652156967>Metro Auxerre>Beverage>>1>kg>17.20>>>>>>>
1777558347548-1h8or4wam,Granini - Pomme,Beverage,Soft Drink,l,pc,1,1777558347548-1h8or4wam>Granini - Pomme 6*1L 82405>supplier-1762287668036>France Boissons IDF>Beverage>Bottle>1>pc>2.28>Carton>6>>>>>
1780054701708-07d8di8x7,Knack d’alsace,Food,Meat,pc,kg,0.08,1780054701708-07d8di8x7>Knack d'Alsace (6410804)>supplier-1775199585684>Loste>Food>Plastic Bag>1>kg>8.44>Plastic Bag>1>>>>>|1776682082674-d19wxoozz>Knack d Alsace fumee>supplier-1776682012969>Schweitzer>Food>Bag>1>kg>8.44>Bag>1>>>>>
1780054884140-x1tsf1ewh,Choucroute,Food,,,kg,,1780054884140-x1tsf1ewh>Choucroute (EPCHCRUCU)>supplier-1776677164417>M.Charraire>Food>Plastic Bag>1>kg>4.80>Plastic Bag>10>>>>>|1775201649809-9b895ulkd>Choucroute cuisinée>supplier-1761652156967>Metro Auxerre>Food>>3>kg>7.81>>>>>>>|1776437947233-khu8mbpcm>Choucroute cuisinée à la graisse d'oie 5kg>supplier-1776437642936>Beaugrain>Food>Bag>5>kg>16.15>Bag>1>>>>>|1776693653767-pjj6cxu78>Arena - choucroute cuite 10kg>supplier-1776437642936>Beaugrain>Food>Bag>1>kg>4.31>Bag>10>>>>>|1776693903715-oiv2ey9kd>Arena - choucroute cuisinée 10kg >supplier-1776759982886>Métro Paris>Food>Bag>10>kg>20.39>Bag>10>>>>>
1777558704413-f7scdc5cp,Sirop de canne,Beverage,,l,pc,1,1777558704413-f7scdc5cp>Frigolet sirop sucre de canne 1L>supplier-1762287668036>France Boissons IDF>Beverage>Bottle>1>pc>3.48>Bottle>1>>>>>
1775201469512-4pzpwzzoq,Chips - Lay's nature 45g,Food,,pc,pc,1,1775201469512-4pzpwzzoq>Lay's nature 45g>supplier-1761652156967>Metro Auxerre>Food>Carton>20>pc>15.18>Bag>1>>>>>|1776436060640-yd1ryob0r>Chips nature 45g>supplier-1761662500738>Cercle vert>Food>Bag>20>pc>12.00>Bag>20>>>>>
1775201587194-k81q2p4dd,Chou rouge émincé,Food,Vegetable,kg,kg,1,1775201587194-k81q2p4dd>Chou rouge émincé>supplier-1761652156967>Metro Auxerre>Food>>1>kg>4.61>>>>>>>|1767711693533-ada68o82u>Choux émincé>supplier-1761667267932>Saint Prim>Food>>1>kg>0.02>>>>>>>
1780056000710-vrib7s0qp,Oeuf (OvO),Food,,,l,,1780056000710-vrib7s0qp>Oeuf ovo (OEUFLIENBR1)>supplier-1761652935093>Alazard>Food>Bottle>1>l>4.95>Bottle>1>>>>>
1777558893896-6bmcni3km,Schweppes ginger beer,Beverage,Soft Drink,l,pc,1,1777558893896-6bmcni3km>Schweppes ginger beer 6*1L>supplier-1762287668036>France Boissons IDF>Beverage>Bottle>1>pc>1.82>Carton>6>>>>>
1780056425046-sm7q507q0,Ossau iraty,Food,Cheese,kg,kg,1,1780056425046-sm7q507q0>Ossau iraty AOP (OSSIRAPYF)>supplier-1761652935093>Alazard>Food>Bag>4>kg>78.67>Bag>4>>>>>
1775201720158-d3gqfv6oj,Concombre,Food,Vegetable,pc,kg,1,1775201720158-d3gqfv6oj>concombre >supplier-1761652156967>Metro Auxerre>Food>Plastic Bag>1>kg>1.97>Plastic Bag>1>>>>>|1776692745132-76rigzp3z>Arena - concombre >supplier-1776677164417>M.Charraire>Food>>1>pc>1.69>>1>>>>>
1780056499529-fppggrr9o,Mozzarella,Food,,,kg,,1780056499529-fppggrr9o>Mozzarella pain 1kg (MOZSTLU45S)>supplier-1761652935093>Alazard>Food>Bag>1>kg>15.56>Bag>1>>>>>|1775222925238-10-unhpd2ody>MOZZARELLA 41% MG 2.5KG>supplier-1761652156967>Metro Auxerre>Food>>2.5>KG>17.87>>>>>>>
1775201786724-wgy8hfrph,Confiture de fraise,Food,,,kg,,1775201786724-wgy8hfrph>Confiture fraise 1kg>supplier-1761652156967>Metro Auxerre>Food>>1>kg>4.00>>>>>>>
1780056599560-ad02srj72,Buchette chèvre,Food,Cheese,kg,pc,5.55,1780056599560-ad02srj72>Buchette chèvre 180g ( CHELON 180)>supplier-1761652935093>Alazard>Food>Bag>1>pc>2.58>Bag>1>>>>>
1776437860700-bhdmtcbjp,Parmesan rapé,Food,Cheese,kg,kg,1,1776437860700-bhdmtcbjp>FIT011 - Parmesan reggiano poudre 1kg>supplier-1776437642936>Beaugrain>Food>Bag>1>kg>17.00>Bag>1>>>>>|1775222925418-20-9f61y40e2>PARMIGIANO RAPE 500G>supplier-1761652156967>Metro Auxerre>Food>>0.5>KG>11.66>>>>>>>|1776678370482-5oca2fk8v>Parmigiano rapé (PARMFRAIKG)>supplier-1761652935093>Alazard>Food>Bag>1>kg>22.50>Bag>1>>>>>
1780057497228-mnldy3vne,Paprika,Food,,,kg,,1780057497228-mnldy3vne>Paprika doux fumé (5187)>supplier-1761662500738>Cercle vert>Food>Bag>1>kg>6.50>Bag>1>>>>>|1775222925238-19-ir9mtktto>PAPRIKA DOUX 1KG>supplier-1761652156967>Metro Auxerre>Food>>1>KG>8.54>>>>>>>|1776437515452-skxkltnng>Paprika précieux doux (8265)>supplier-1761662500738>Cercle vert>Food>Bag>1>kg>8.50>Bag>1>>>>>
1780057606110-i0sjnt5u0,Poivre Gris Moulu,Food,Spice,kg,kg,1,1780057606110-i0sjnt5u0>Poivre Gris Moulu (0025S2>supplier-1761662500738>Cercle vert>Food>Bag>1>kg>5.50>Bag>1>>>>>
1775201917588-usec69tx5,Cornichon,Food,,,L,,1775201917588-usec69tx5>MC CORNIC LAMELLE>supplier-1761652156967>Metro Auxerre>Food>>1.7>L>5.78>>>>>>>
1780057710292-1evqrq52e,Piment Doux Moulu,Food,,,kg,,1780057710292-1evqrq52e>Piment Doux Moulu (8643)>supplier-1761662500738>Cercle vert>Food>Bag>0.425>kg>7.50>Bag>1>>>>>
1780057757427-2yb0ltdre,Muscade Moulue,Food,,,kg,,1780057757427-2yb0ltdre>Muscade Moulue (7396)>supplier-1761662500738>Cercle vert>Food>Bag>0.45>kg>8.00>Bag>1>>>>>
1775201984569-xjro6ayzh,Crème epaisse 15%,Food,,kg,L,1,1775201984569-xjro6ayzh>Creme fraiche 15%>supplier-1761652156967>Metro Auxerre>Food>>3>L>12.02>>>>>>>
1775202096453-33peb8u6c,Sandwich - Jambon,Food,,pc,Piece,1,1775202096453-33peb8u6c>Jambon fromage pain graines (PGJF)>supplier-1775199633073>Croc wich>Food>>1>Piece>2.85>>1>>>>>
1780057890461-19w3vz8b6,Chapelure Panko,Food,,,kg,,1780057890461-19w3vz8b6>Paris - Chapelure Panko (4357)>supplier-1761662500738>Cercle vert>Food>Bag>1>kg>6.93>Bag>1>>>>>|1775222925988-53-ds30s7988>PANKO 1KG METRO CHEF>supplier-1761652156967>Metro Auxerre>Food>>1>KG>6.63>>>>>>>
1775202145934-r49jj7u1f,Sandwich -  Poulet (PGPM),Food,,pc,Pièce,1,1775202145934-r49jj7u1f>Poulet roti mayo pain graines (PGPM)>supplier-1775199633073>Croc wich>Food>>1>Pièce>2.80>>1>>>>>
1775202217482-ilzx6rcd7,Sandwich - Poulet curry,Food,,pc,Pièce,1,1775202217482-ilzx6rcd7>Poulet roti curry pain graines>supplier-1775199633073>Croc wich>Food>>1>Pièce>2.90>>>>>>>
1780058090078-tnpd6vtb1,Bicarbonate de sodium,Food,,,kg,,1780058090078-tnpd6vtb1>Bicarbonate de sodium (26643)>supplier-1761662500738>Cercle vert>Food>Bag>0.8>kg>4.12>Bag>1>>>>>
1775202293380-9elvksfxp,Cumin,Food,,,kg,,1775202293380-9elvksfxp>Cumin moulu>supplier-1761652156967>Metro Auxerre>Food>>1>kg>16.76>>>>>>>|1776437482736-wff47yf1l>Cumin moulu>supplier-1761662500738>Cercle vert>Food>Bag>1>kg>13.00>Bag>1>>>>>
1780058165144-mkuk7zspq,Jus de citron,Food,,,l,,1780058165144-mkuk7zspq>Paris - Jus de citron jaune (2605)>supplier-1761662500738>Cercle vert>Food>Bottle>1>l>2.80>Bottle>1>>>>>|1775203727150-awot3bip4>Jus de citron jaune>supplier-1761652156967>Metro Auxerre>Food>Bottle>1>l>4.29>Bottle>1>>>>>
1775202381714-1xftmhp11,Demi tradition,Food,,,Pièce,,1775202381714-1xftmhp11>demi tradition>supplier-1775199655872>Boivin>Food>>1>Pièce>0.52>>>>>>>
1776436850339-ap53wcyky,Noisettes Hachées,Food,,,kg,,1776436850339-ap53wcyky>Noisettes hachées (7565)>supplier-1761662500738>Cercle vert>Food>Bag>1>kg>19.50>Bag>1>>>>>|1776683438161-u68ydluy9>Noisette hachée 1kg>supplier-1776759982886>Métro Paris>Food>Bag>1>kg>18.76>Bag>1>>>>>|1775222925988-59-99m2vuwc5>NOISETTES HACHÉES 1KG>supplier-1761652156967>Metro Auxerre>Food>Bag>1>kg>17.89>Bag>1>>>>>
1775202455344-eqtos6vtw,Echalottes ciselées,Food,,kg,kg,1,1775202455344-eqtos6vtw>Echalotte ciselée>supplier-1761652156967>Metro Auxerre>Food>>0.45>kg>6.59>>>>>>>
1775202547776-ounnpvnpv,Epoisse,Food,,,kg,,1775202547776-ounnpvnpv>Epoisse AOP LAIT>supplier-1761652156967>Metro Auxerre>Food>>0.983>kg>20.48>>>>>>>
1775202666291-uhm15l9d4,Feta,Food,Cheese,kg,kg,1,1775202666291-uhm15l9d4>Feta AOP>supplier-1761652156967>Metro Auxerre>Food>>0.9>kg>14.54>>>>>>>|1776677745877-twxgesthw>Fêta grecque (FETGRE502)>supplier-1761652935093>Alazard>Food>Bag>2>kg>25.80>Bag>2>>>>>
1775202848720-131h8ujkn,Frites,Food,,,kg,,1775202848720-131h8ujkn>Frite 10/10 précuite >supplier-1775199813061>Bourgogne primeurs>Food>>2.5>kg>4.25>>>>4>>>|1776433482753-c7fazisvq>Frites 10/10 précuite 2.5kg LUCAS>supplier-1761667267932>Saint Prim>Food>Bag>1>kg>1.79>Bag>2>>>>>|1776681875775-zsz5gon4d>Frite 10/10 précuite >supplier-1761667267932>Saint Prim>Food>>1>kg>1.70>Bag>2>>>>>
1775203038534-j1soo8i0s,Haribo - Delir'Pik,Food,,,Pièce,,1775203038534-j1soo8i0s>Delir'pik scht>supplier-1767860872004>Confisud>Food>>30>Pièce>26.70>>>>>>>|1776678629716-chjg0pfe5>Delir’pik scht 120g (HARI039)>supplier-1767860872004>Confisud>Food>Carton>30>pc>28.00>Carton>30>>>>>
1780058436142-hgc10tz4y,Pate d'arachide,Food,,,kg,,1780058436142-hgc10tz4y>Pate d'arachide (20249)>supplier-1761662500738>Cercle vert>Food>Bag>0.5>kg>4.70>Bag>1>>>>>
1775203106900-o228zdvpi,Haribo - Dragibus,Food,,,pc,,1775203106900-o228zdvpi>Dragibus scht>supplier-1767860872004>Confisud>Food>Bag>30>pc>26.70>Bag>30>>>>>|1776678562011-c4va7idp8>Dragibus scht 120g (HARI029)>supplier-1767860872004>Confisud>Food>Carton>30>pc>28.00>Carton>30>>>>>
1780058653661-5v4i3lybk,Huile Tournesol,Food,,,l,,1780058653661-5v4i3lybk>Huile Tournesol (11666)>supplier-1761662500738>Cercle vert>Food>Bottle>5>l>9.50>Bottle>5>>>>>|1775222925785-48-de879uef6>HUILE TOURNESOL 3L ROCHAMBEAU>supplier-1761652156967>Metro Auxerre>Food>Bottle>3>l>6.59>Bottle>3>>>>>|1775203402827-no459coel>Huile tournesol 25L Maurel>supplier-1761652156967>Metro Auxerre>Food>Bottle>25>l>44.73>Bottle>25>>>>>|1776435845026-12fhst9d9>Huile tournesol friture >supplier-1761662500738>Cercle vert>Food>Bottle>10>l>16.80>Bottle>10>>>>>
1775203169981-rjl6ny591,Haribo - Happy life,Food,,,pc,,1775203169981-rjl6ny591>Happy Life scht 120g (HARI062)>supplier-1767860872004>Confisud>Food>Carton>30>pc>26.70>Carton>30>>>>>|1776687406793-z3tljvu2s>Happy life 2kg>supplier-1761662500738>Cercle vert>Food>Bag>2>kg>13.00>Bag>2>>>>>
1776436290790-8h74a1094,Oignons frits,Food,,,kg,,1776436290790-8h74a1094>Oignons frits (27705)>supplier-1761662500738>Cercle vert>Food>Bag>1>kg>8.00>Bag>1>>>>>|1775222925238-13-qjvaevk4x>OIGNONS FRITS 2KG>supplier-1761652156967>Metro Auxerre>Food>Plastic Bag>2>kg>9.76>Plastic Bag>2>>>>>
1775203552975-0fg03qls8,Jambon persillé,Food,,,kg,,1775203552975-0fg03qls8>Jambon persillé 1.9Kg>supplier-1761652156967>Metro Auxerre>Food>>1.9>kg>15.39>>>>>>>
1780058969025-vzoz1kia6,Empanada,Food,,,pc,,1780058969025-vzoz1kia6>SJB - Empanada caprese>supplier-1767860853316>Classico Argentino>Food>Carton>1>pc>2.18>Carton>1>>>>>|1776678749344-w1hmvm2ys>SJB -Empanada carné>supplier-1767860853316>Classico Argentino>Food>Carton>1>pc>2.18>Carton>1>>>>>|1776690069696-309uwj2ud>Arena - empanadas >supplier-1767860853316>Classico Argentino>Food>>1>pc>1.10>>1>>>>>
1780059921554-hr41dt9he,Viande Hachée - Steak 125g,Food,Meat,pc,kg,0.125,1780059921554-hr41dt9he>Steak 125g (SHNS125)>supplier-1775199902203>Ets Denis>Food>Bag>1>kg>13.00>Plastic Bag>1>>>>>
1775203665752-ygriqw6as,Jambon cuit,Food,,,Piece,,1775203665752-ygriqw6as>JB CT SUP A L OS>supplier-1775199585684>Loste>Food>>10>Piece>10.83>>>>>>>|1776693298834-3s63bvaqh>Arena - jambon blanc sans sel nitrité>supplier-1776437642936>Beaugrain>Food>>1>kg>10.69>>7>>>>>
1776688128695-nr8r5u6wf,Muffin chocolat,Food,,pc,pc,1,1776688128695-nr8r5u6wf>Muffin chocolat >supplier-1775199633073>Croc wich>Food>>1>pc>1.51>>1>>>>>|1775668123802-catbqleti>Muffin chocolat 85g (160602)>supplier-1775668077351>La compagnie des desserts>Food>Bag>50>pc>46.53>Bag>1>>>>>
1780060307303-p68t3vh43,Muffin pépites de chocolat,Food,,,pc,,1780060307303-p68t3vh43>Muffin pépites de chocolat 85g>supplier-1775668077351>La compagnie des desserts>Food>Bag>50>pc>44.29>Bag>50>>>>>
1775206295695-0-rz35ev7ha,Pate à tartiner - Nutella,Food,,kg,KG,1,1775206295695-0-rz35ev7ha>NUTELLA 1KG>supplier-1761652156967>Metro Auxerre>Food>>1>KG>7.37>>>>>>>
1780062714550-8jni5tqlq,Saucisse de volaille,Food,Meat,kg,pc,1,1780062714550-8jni5tqlq>Saucisse de volaille>supplier-1776435684028>Manhattan hotdog>Food>Carton>96>pc>78.00>Carton>96>>>>>
1780296877037-a4clgeatd,Pain à Hot Dog,Food,Bread,pc,pc,1,1780296877037-a4clgeatd>Pain hot dog 80g>supplier-1776435684028>Manhattan hotdog>Food>Carton>48>pc>26.50>Carton>48>>>>>
1780300473170-nhb3hrjcw,Échalote émincé,Food,,,kg,,1780300473170-nhb3hrjcw>Échalote émincé 8bq>supplier-1776677164417>M.Charraire>Food>Bag>1>kg>11.46>Bag>1>>>>>
1775200127397-nzn90r6mf,Aiguillette de poulet,Food,Meat,kg,kg,1,1775200127397-nzn90r6mf>Aiguillette de poulet corn flakes >supplier-1775199585684>Loste>Food>Plastic Bag>1>kg>11.94>Plastic Bag>1>2>>>>
1775222924995-0-y8ujycsth,Ketchup - Buch 10ML,Food,,kg,PCE,1,1775222924995-0-y8ujycsth>KETCHUP BUCH 180x10ML RIOBA>supplier-1761652156967>Metro Auxerre>Food>>180>PCE>8.87>>>>>>>|1776436402190-rgo5u27sh>Ketchup 10g Dosette>supplier-1761662500738>Cercle vert>Food>Carton>600>pc>32.38>Carton>600>>>>>
1775222925626-31-f3ttu8vc4,Saucisse de Francfort,Food,Meat,kg,kg,1,1775222925626-31-f3ttu8vc4>SSE DE FRANCFORT BN VPF 2KG ENV LE DOUESY CT8>supplier-1761652156967>Metro Auxerre>Food>>1>kg>8.91>>2>>>>>|1776434433056-5pux6tyu7>SSE DE FRANCFORT BN VPF 2KG (001626.001)>supplier-1775199585684>Loste>Food>Bag>1>kg>8.92>Bag>2>>>>>|1776693403232-e42k5r721>Arena - saucisse de Francfort >supplier-1776437642936>Beaugrain>Food>Bag>1.6>kg>10.53>Bag>1>>>>>
1775222924996-1-84bcfhf1z,Ketchup - Bidon,Food,,kg,KG,1,1775222924996-1-84bcfhf1z>KETCHUP BIDON 5KG>supplier-1761652156967>Metro Auxerre>Food>>5>KG>9.80>>>>>>>|1776437197120-paoabk4e5>Ketchup bidon 5kg (2487)>supplier-1761662500738>Cercle vert>Food>Bottle>5>kg>8.95>Bottle>1>>>>>|1776683778373-lodrdxk6e>Ketchup bidon 5kg>supplier-1776759982886>Métro Paris>Food>Bottle>5>kg>8.01>Bottle>5>>>>>|1776684067991-csznqrl4w>Heinz ketchup bidon 11 8kg>supplier-1776759982886>Métro Paris>Food>>8>kg>37.26>>8>>>>>
1775222925626-33-boz1hww1o,Sel - 5 kg,Food,Condiment,kg,kg,1,1775222925626-33-boz1hww1o>SEL FIN SEAU 5KG>supplier-1761652156967>Metro Auxerre>Food>Bag>5>kg>3.50>Bag>5>>>>>|1776688203388-ewsrq2hpv>Sel fin 5kg (2843)>supplier-1761662500738>Cercle vert>Food>Bag>5>kg>5.90>Bag>5>>>>>
1775222924996-3-gfkf5as9l,Mayonnaise - Buch 10ML,Food,,,pc,,1775222924996-3-gfkf5as9l>MAYO BUCH 180x10ML RIOBA>supplier-1761652156967>Metro Auxerre>Food>Carton>180>pc>10.46>Carton>180>>>>>|1776436467106-7mkwo7ukd>Mayonnaise dosette 10ML>supplier-1761662500738>Cercle vert>Food>Carton>600>pc>41.04>Carton>600>>>>>
1775222925626-34-vymwvlndb,Viande Hachée - Steak 120g,Food,Meat,pc,kg,0.12,1775222925626-34-vymwvlndb>Steak 120g (SHNS120)>supplier-1775199902203>Ets Denis>Food>Plastic Bag>1>kg>12.80>Plastic Bag>1>>>>>
1775222924996-4-25hv8vyml,Mayonnaise - Seau 5L,Food,,kg,kg,1,1775222924996-4-25hv8vyml>MAYONNAISE 4.7KG>supplier-1761652156967>Metro Auxerre>Food>Bag>5>kg>11.21>Bag>4.7>>>>>|1776437133738-0i4c4ik6s>Mayonnaise seau noir (8485)>supplier-1761662500738>Cercle vert>Food>Bag>5>kg>15.00>Bag>1>>>>>|1776683876475-e72fmbq22>Mayo 4.7kg>supplier-1776759982886>Métro Paris>Food>Bottle>4.7>kg>13.45>Bottle>5>>>>>
1775222924996-5-aqebl1fln,Vin rouge - Merlot 10L,Beverage,Wine,l,pc,0.1,1775222924996-5-aqebl1fln>MERLOT 10L RIBEAUVILLE>supplier-1761652156967>Metro Auxerre>Beverage>Bottle>1>pc>19.29>Bottle>1>>>>>
1775222925626-36-i6fdlrny1,Tenders,Food,Meat,kg,kg,1,"1775222925626-36-i6fdlrny1>TENDERS EPICE OUMATY (4X2,5KG) (TENOUM)>supplier-1767860980364>Prevogel>Food>Bag>2.5>kg>26.25>Bag>2>2.5>>>>|1776683590020-jmhnkt18f>Tenders épice 2.5kg halcert >supplier-1776759982886>Métro Paris>Food>Bag>2.5>kg>21.30>Bag>2>>>>>"
1775222924996-6-c0zm6byf2,Mesclun,Food,,,KG,,1775222924996-6-c0zm6byf2>MESCLUN 300G>supplier-1761652156967>Metro Auxerre>Food>>0.3>KG>4.50>>>>>>>
1775222925626-37-gblvjcu3s,Twix,Food,,pc,pc,1,1775222925626-37-gblvjcu3s>TWIX 50G X 32>supplier-1767860872004>Confisud>Food>Plastic Bag>32>pc>15.68>Plastic Bag>32>>>>>
1775222924996-7-5gp5gd6ma,Moutarde de Dijon - Buch,Food,,,Pièce,,1775222924996-7-5gp5gd6ma>MOUTARDE DIJON 4G x250>supplier-1761652156967>Metro Auxerre>Food>>1>Pièce>0.03>>>>>>>
1775222924996-8-n0l8qq3zd,Moutarde  de Dijon - Bidon 5KG,Food,Condiment,kg,KG,1,1775222924996-8-n0l8qq3zd>MOUTARDE DIJON 5KG>supplier-1761652156967>Metro Auxerre>Food>>5>KG>8.50>>>>>>>
1775222924996-9-5mp1t5jxc,Moutarde Yellow,Food,Condiment,kg,KG,1,1775222924996-9-5mp1t5jxc>MOUTARDE YELLOW 2.9KG>supplier-1761652156967>Metro Auxerre>Food>>2.9>KG>12.10>>>>>>>|1776690341872-6lv9yc5tl>Paris - Yellow moutarde (26751)>supplier-1761662500738>Cercle vert>Food>Bottle>2>kg>11.00>Bottle>2>>>>>
1775222925785-41-3l7j2v3x5,Yaourt Grec,Food,,kg,KG,1,1775222925785-41-3l7j2v3x5>YAOURT GREC 1KG METRO CHEF>supplier-1761652156967>Metro Auxerre>Food>>1>KG>5.06>>>>>>>
1775222925785-42-4vnqlkk63,Oignons jaunes émincés,Food,,,KG,,1775222925785-42-4vnqlkk63>OIGNONS ÉMINCÉS 2.5KG MC>supplier-1761652156967>Metro Auxerre>Food>>2.5>KG>4.85>>>>>>>
1775222925238-12-5q30sg7uu,Oignons rouges émincés,Food,,kg,KG,1,1775222925238-12-5q30sg7uu>OIGNON RGE EPLUCHES 2KG MC UE>>>Food>>1>KG>7.00>>>>>>>|1763780502961-23-kjg39b2fp>Oignon Rouge Emincé>supplier-1761667267932>Saint Prim>Food>>10>kg>9.58>>>>>>>
1775222925785-44-t145gt4b7,Emmental rapé,Food,,,KG,,1775222925785-44-t145gt4b7>EMMENTAL RÂPÉ 1KG MC>supplier-1761652156967>Metro Auxerre>Food>>1>KG>8.63>>>>>>>|1776677961209-pbwa6kwej>Emmental rapé (EMMRASV1)>supplier-1761652935093>Alazard>Food>Bag>1>kg>8.19>Bag>1>>>>>
1775222925238-14-bsnfevhep,Oignons rouges,Food,,,KG,,1775222925238-14-bsnfevhep>OIGNONS ROUGES 2KG>supplier-1761652156967>Metro Auxerre>Food>>2>KG>7.76>>>>>>>|1776689132295-ddunrk8v7>Oignon rouge Filet 10kg >supplier-1776677164417>M.Charraire>Food>Bag>1>kg>1.08>Bag>10>>>>>
1775222925785-45-503yu3mv7,Cheddar rouge râpé,Food,,,KG,,1775222925785-45-503yu3mv7>CHEDDAR ROUGE RÂPÉ 1KG MC>supplier-1761652156967>Metro Auxerre>Food>>1>KG>10.55>>>>>>>
1775222925238-15-gt924ylyt,Oranges Naveline,Food,,,KG,,1775222925238-15-gt924ylyt>ORANGES NAVELINE 9KG>supplier-1761652156967>Metro Auxerre>Food>>9>KG>9.80>>>>>>>
1775222925785-46-de9iuukqx,Tomme de Savoie,Food,Cheese,kg,KG,1,"1775222925785-46-de9iuukqx>TOMME SAVOIE IGP 1,7KG>supplier-1761652156967>Metro Auxerre>Food>>1.7>KG>12.49>>>>>>>"
1775222925238-16-pb5qbv0nr,Pain américain,Food,,,PCE,,1775222925238-16-pb5qbv0nr>Pain américain>supplier-1775199655872>Boivin>Food>>1>PCE>0.52>>>>>>>
1775222925785-47-5h0h37ne8,Champignons émincés,Food,,kg,KG,1,1775222925785-47-5h0h37ne8>CHAMPIGNONS ÉMINCÉS 5/1 ARO>supplier-1761652156967>Metro Auxerre>Food>>4>KG>9.26>>>>>>>
1775222925238-17-3l8rxovab,Bun - Burger,Food,Bread,pc,pc,1,1775222925238-17-3l8rxovab>4x LARGE PANCO 80gr - PNC_B02021>supplier-1767777180649>Panco>Food>Plastic Bag>48>pc>26.40>Plastic Bag>4>>>>>
1775222925238-18-ktxw5fg1u,Bun - Roll,Food,Bread,pc,pc,1,1775222925238-18-ktxw5fg1u>ROLL 75g - 50 unités - PNC_ROLL002>supplier-1767777180649>Panco>Food>Plastic Bag>50>pc>27.00>Plastic Bag>4>>>>>
1775222925988-50-hehvmgkq4,Penne,Food,,,KG,,1775222925988-50-hehvmgkq4>PENNE RIGATE 3KG DE CECCO>>>Food>>1>KG>11.00>>>>>>>
1775222925988-51-0eyqaqqbj,Sauce Soja,Food,Condiment,l,L,1,1775222925988-51-0eyqaqqbj>SAUCE SOJA 1L KIKKOMAN>supplier-1761652156967>Metro Auxerre>Food>>1>L>9.83>>>>>>>
1775222925418-21-fe8erk68g,Persil plat,Food,,,KG,,1775222925418-21-fe8erk68g>PERSIL PLAT 500G BQ8 ITITALIE>supplier-1761652156967>Metro Auxerre>Food>>0.5>KG>4.69>>>>>>>|1775228892251-jmqixv0ho>PERSIL PLAT 1KG>supplier-1761652156967>Metro Auxerre>Food>>1>kg>8.24>>>>>>>|1776689622730-mkcaeur23>Persil plat botte >supplier-1776677164417>M.Charraire>Food>Bag>0.05>kg>0.52>Bag>1>>>>>
1775222925988-52-snx08zynm,Fleur de sel,Food,,,kg,,1775222925988-52-snx08zynm>FLEUR DE SEL 125G CAMARGUE>supplier-1761652156967>Metro Auxerre>Food>Bag>0.125>kg>2.84>Bag>0.125>>>>>|1776435956242-v3ysqtioq>Sel Fleur de de Guérande IGP (2815)>supplier-1761662500738>Cercle vert>Food>Bag>0.5>kg>5.80>Bag>1>>>>>
1775663587884-lg2eccp2l,Chips - Belsia 40g,Food,,pc,Piece ,1,1775663587884-lg2eccp2l>Chips 40g>supplier-1775663478243>Belsia >Food>>1>Piece >0.55>>>>40>>>
1775222925418-22-agu8l1297,Persil haché,Food,,,KG,,1775222925418-22-agu8l1297>PERSIL HACHÉ 310G>supplier-1761652156967>Metro Auxerre>Food>>0.31>KG>5.12>>>>>>>|1776677305607-cqbrj1507>Persil haché 16sachets de 125g (4HEPERH16RCS)>supplier-1776677164417>M.Charraire>Food>Bag>0.125>kg>0.80>Bag>0>>>>>
1775664548855-vrgpgzfin,Œuf liquide,Food,,,Litre,,1775664548855-vrgpgzfin>Œuf liquide >supplier-1761652156967>Metro Auxerre>Food>>1>Litre>4.65>>>>>>>|1776688308572-ldstm8q5t>Œuf liquide entier >supplier-1761652935093>Alazard>Food>Bottle>1>l>4.65>Bottle>1>>>>>
1775222925418-23-015xxwi52,Pizza - Margherita,Food,,,PCE,,1775222925418-23-015xxwi52>CARTON DE 6 MARGHERITA 20X30>supplier-1775199872751>La fabrique>Food>>6>PCE>30.36>>>>>>>|1775667576933-vujfndt0r>Plaque de 4 parts >supplier-1775667365352>Square pizza club>Food>>4>Piece >5.04>>>>>>>
1775222925988-54-xghhyyer6,Pommes GALA,Food,,,KG,,"1775222925988-54-xghhyyer6>POMMES GALA 6,3KG>supplier-1761652156967>Metro Auxerre>Food>>6.3>KG>11.72>>>>>>>|1776689280468-r0jyyehuw>Pomme gala 70/75>supplier-1776677164417>M.Charraire>Food>Bag>1>kg>1.62>Bag>1>>>>>"
1775222925418-24-yre34qutn,Poivre - Dosettes,Food,Spice,kg,PCE,1,1775222925418-24-yre34qutn>POIVRE DOSETTES X1000 RIOBA>supplier-1761652156967>Metro Auxerre>Food>>1000>PCE>6.79>>>>>>>
1775222925988-55-bme5fix9r,Ail blanc (3 têtes),Food,,,PCE,,1775222925988-55-bme5fix9r>AIL BLANC 3 TÊTES>supplier-1761652156967>Metro Auxerre>Food>>3>PCE>2.52>>>>>>>
1775222925418-25-s4a5gonh3,Poivre Noir,Food,Spice,kg,kg,1,1775222925418-25-s4a5gonh3>POIVRE NOIR MOULU 1KG>supplier-1761652156967>Metro Auxerre>Food>Bag>1>kg>16.83>Bag>1>>>>>
1775222925418-29-pf41xtbqa,Salade Iceberg,Food,Vegetable,kg,kg,1,1775222925418-29-pf41xtbqa>SALADE ICEBERG DEMI>supplier-1761652156967>Metro Auxerre>Food>Plastic Bag>0.5>kg>0.60>Plastic Bag>0.5>>>>>|1776689210962-6jb4zzgkc>Iceberg cat 1 >supplier-1776677164417>M.Charraire>Food>>1>kg>3.66>>1>>>>>|1763781587037-54-rvufbenev>Salade Iceberg>supplier-1761667267932>Saint Prim>Food>Plastic Bag>10>pc>7.26>Plastic Bag>10>>>>>
1775222926159-61-bhbx2wl9v,Pépite de chocolat noir,Food,,,KG,,1775222926159-61-bhbx2wl9v>PÉPITES CHOCOLAT NOIR 44% 1KG>supplier-1761652156967>Metro Auxerre>Food>>1>KG>12.09>>>>>>>|1776437316819-vxoulsieb>Chocolat drops 44% (3912)>supplier-1761662500738>Cercle vert>Food>Bag>5>kg>38.44>Bag>5>>>>>
1775222925626-30-no1kjzg41,Sauce pizza Mutti,Food,Vegetable,kg,KG,1,1775222925626-30-no1kjzg41>SAUCE PIZZA MUTTI 5/1>supplier-1761652156967>Metro Auxerre>Food>>4>KG>8.81>>>>>>>
1775222926159-62-hkoxm74c7,Lait 1/2 écrémé,Beverage,,l,pc,1,1775222926159-62-hkoxm74c7>LAIT UHT 1/2 ÉCRÉMÉ 1L>supplier-1761652156967>Metro Auxerre>Beverage>Bottle>1>pc>1.20>Carton>6>>>>>|1776677624085-beskt1v8q>Lait uht 1/2 ecremé>supplier-1761652935093>Alazard>Beverage>Bottle>1>l>1.08>Carton>12>>>>>|1767783576798-3k0d5a3gj>1L - 91732>supplier-1762287668036>France Boissons IDF>Beverage>Bottle>1>pc>1.42>Carton>6>>6>>>
1775222925988-56-trk5yxz2t,Chou-fleur,Food,,,PCE,,1775222925988-56-trk5yxz2t>CHOU-FLEUR PC6>supplier-1761652156967>Metro Auxerre>Food>>1>PCE>1.97>>>>>>>
1763780502453-10-7xvklaa69,Viande Hachée -  Vrac,Food,Meat,kg,kg,1,1763780502453-10-7xvklaa69>Viande Hachée>supplier-1761652156967>Metro Auxerre>Food>Carton>1>kg>9.08>Carton>1>>>>>|1776691072791-jcq6uz8lg>Arena - viande hachée de bœuf >supplier-1775199902203>Ets Denis>Food>Bag>1>kg>13.00>Bag>1>>>>>|1776694019995-qjvctojxu>Arena - viande hachée 1.3 kg>supplier-1776759982886>Métro Paris>Food>Bag>1.3>kg>17.49>Bag>1>>>>>|1776694310417-weo3s59wp>Arena - viande hachée 20%>supplier-1776437642936>Beaugrain>Food>Bag>1>kg>18.06>Bag>2>>>>>
1764169463752-o07r5m485,Pain Burger,Food,,,pc,,1764169463752-o07r5m485>Pain Burger>supplier-1761652156967>Metro Auxerre>Food>>100>pc>55.00>>>>>>>
1776348924599-qcq3rr0in,Red Bull zéro - CAN 25CL,Beverage,Soft Drink,pc,pc,1,1776348924599-qcq3rr0in>Red bull zéro 25CL>supplier-1762287668036>France Boissons IDF>Beverage>Can>1>pc>1.22>Carton>24>>>>>
1776348985067-cmrwzpflk,Red Bull pastèque - CAN 25CL,Beverage,Soft Drink,pc,pc,1,1776348985067-cmrwzpflk>Red Bull pastèque 25CL>supplier-1762287668036>France Boissons IDF>Beverage>Can>1>pc>1.30>Carton>24>>>>>
1775222925418-27-tct3ph95c,Rillette,Food,Meat,kg,KG,1,1775222925418-27-tct3ph95c>RILLETTES MANS 1KG RUSTADOU>supplier-1761652156967>Metro Auxerre>Food>>1>KG>12.98>>>>>>>
1776348790235-q9p6gqj56,Red Bull - CAN 25CL,Beverage,Soft Drink,pc,pc,1,1776348790235-q9p6gqj56>Red bull 25CL>supplier-1762287668036>France Boissons IDF>Beverage>Can>1>pc>1.30>Carton>24>>>>>|1776684742482-t8fd0soe7>Red Bull 25 cl>supplier-1776759982886>Métro Paris>Beverage>Can>1>pc>1.04>Can>24>>>>>|1767784600043-cn1djbqt1>Red edition 25cl - 118029>supplier-1762287668036>France Boissons IDF>Beverage>Can>24>pc>28.11>Can>24>>>>>
1775227685860-ueadp9b8g,Serviettes Papier,Packaging,Napkin,pc,pc,1,1775227685860-ueadp9b8g>ARO SERVIETTES 29x29 BLANC>supplier-1761652156967>Metro Auxerre>Packaging>Plastic Bag>400>pc>2.16>Plastic Bag>400>>>>>
1775228846119-d0i702gc4,Echalotte filet,Food,,,kg,,1775228846119-d0i702gc4>ECHALOTE FILET 250G>supplier-1761652156967>Metro Auxerre>Food>>0.25>kg>1.09>>>>>>>
1775222926159-60-8ij7jtg8d,Miel d'Acacia,Food,,,KG,,1775222926159-60-8ij7jtg8d>MIEL ACACIA 500G>supplier-1761652156967>Metro Auxerre>Food>>0.5>KG>7.62>>>>>>>
1775229232995-21jiijh0s,Sac sandwich,Packaging,,,Pièce,,1775229232995-21jiijh0s>1000 SACS SANDWICH KRAFT>supplier-1761652156967>Metro Auxerre>Packaging>>1000>Pièce>22.65>>>>>>>
1776349544883-fx2gyu58w,Lutecia - Eau plate,Beverage,Water,pc,pc,1,1776349544883-fx2gyu58w>Lutecia eau plate 50cl>supplier-1762287668036>France Boissons IDF>Beverage>Bottle>1>pc>0.52>Carton>24>>>>>
1776349608031-uk1iz2l1g,Lutecia - Eau gazeuse,Beverage,Water,pc,pc,1,1776349608031-uk1iz2l1g>Lutecia - Eau gazeuse 33CL>supplier-1762287668036>France Boissons IDF>Beverage>Bottle>1>pc>0.65>Carton>24>>>>>
1776350032412-9d5orpkht,Gallia Blanche - 20L,Beverage,Beer,l,l,1,1776350032412-9d5orpkht>Gallia blanche - 20L>supplier-1762287668036>France Boissons IDF>Beverage>Fût>20>l>80.33>Fût>20>>>>>
1775230599996-fne4btj1b,Houmous,Food,,,kg,,1775230599996-fne4btj1b>HOUMOUS 500G METRO CHEF>supplier-1761652156967>Metro Auxerre>Food>>0.5>kg>5.95>>>>>>>
1776350521228-fbyy26ls0,Desperados - CAN 33CL,Beverage,Beer,pc,pc,1,1776350521228-fbyy26ls0>Desperados - CAN 33CL>supplier-1762287668036>France Boissons IDF>Beverage>Bottle>1>pc>2.11>Carton>24>>>>>
1776350585094-beyyccx0c,Heineken 0% - CAN 33CL,Beverage,Beer,pc,pc,1,1776350585094-beyyccx0c>Heineken 0% - CAN 33CL>supplier-1762287668036>France Boissons IDF>Beverage>Bottle>1>pc>1.47>Carton>24>>>>>
1776350650028-cd32jh3oz,Gallia IPA - CAN 33CL,Beverage,Beer,pc,pc,1,1776350650028-cd32jh3oz>Gallia IPA - CAN 33CL>supplier-1762287668036>France Boissons IDF>Beverage>Bottle>1>pc>2.51>Bottle>12>>>>>
1776350452596-t34mr4ee0,Gallia Blanche - CAN 33CL,Beverage,Beer,pc,pc,1,1776350452596-t34mr4ee0>Gallia Blanche - CAN 33CL>supplier-1762287668036>France Boissons IDF>Beverage>Bottle>1>pc>2.31>Bottle>24>>>>>
1776350742910-dk3l7vi59,Lagunitas - CAN 33CL,Beverage,Beer,pc,pc,1,1776350742910-dk3l7vi59>Lagunitas - CAN 33CL>supplier-1762287668036>France Boissons IDF>Beverage>Bottle>1>pc>2.78>Carton>12>>>>>
1767711724748-dga2dc8wb,Pomme granny smith,Food,Fruit,kg,kg,1,1767711724748-dga2dc8wb>Pomme verte>supplier-1761667267932>Saint Prim>Food>>1>kg>0.03>>>>>>>|1776698000207-es3jd0igb>Arena - Granny Smith >supplier-1776677164417>M.Charraire>Food>Bag>1>kg>1.62>Bag>1>>>>>
1776350917693-sbpg2md5a,Belair Gold - 75CL,Beverage,Sparkling Wine,l,pc,1.33,1776350917693-sbpg2md5a>Belair Gold - 75CL>supplier-1767860965839>Pernod Ricard>Beverage>Bottle>1>pc>13.15>Carton>6>>>>>
1776350954693-65c4eaxyf,Belair Rose - 75CL,Beverage,Sparkling Wine,l,pc,1.33,1776350954693-65c4eaxyf>Belair Rose - 75CL>supplier-1762287668036>France Boissons IDF>Beverage>Bottle>1>pc>13.15>Carton>6>>>>>
1776350998792-35h1mttl1,Belair Bleu - 75CL,Beverage,Sparkling Wine,l,pc,1.33,1776350998792-35h1mttl1>Belair Bleu - 75CL>supplier-1762287668036>France Boissons IDF>Beverage>Bottle>1>pc>13.15>Carton>6>>>>>
1776350277896-bw3zjiyun,Affligem de Noel - 30L,Beverage,Beer,l,l,1,1776350277896-bw3zjiyun>Affligem de Noel - 30L>supplier-1762287668036>France Boissons IDF>Beverage>Fût>30>l>131.76>Fût>1>>>>>
1775667172571-o3wbmekcm,Gougère,Food,,,Piece ,,1775667172571-o3wbmekcm>Gougère au fromage >supplier-1775199655872>Boivin>Food>>1>Piece >1.82>>>>>>>
1775667662321-ouzclkey7,Pizza - Reine,Food,,,Piece ,,1775667662321-ouzclkey7>Plaque de 4>supplier-1775667365352>Square pizza club>Food>>4>Piece >5.28>>>>>>>
1776433597779-4yvekossf,Mini pain blanc,Food,,,pc,,1776433597779-4yvekossf>Mini pain blanc (MPB)>supplier-1775199633073>Croc wich>Food>Carton>1>pc>0.22>Carton>1>>>>>
1776433738231-xm8ut5wos,Sandwich -  Végétarien,Food,,pc,pc,1,1776433738231-xm8ut5wos>Vege gourmand pain graines (PGVG)>supplier-1775199633073>Croc wich>Food>>1>pc>2.30>>1>>>>>
1776433788664-cui2l1f5e,Wrap Falafel,Food,,pc,pc,1,1776433788664-cui2l1f5e>Wrap vegetables falafel carotte (WVFC)>supplier-1775199633073>Croc wich>Food>>1>pc>2.60>>1>>>>>
1776434599307-bwrab7dh7,Sandwich - Club Thon/tomate,Food,,pc,pc,1,1776434599307-bwrab7dh7>Club Thon/tomate (35540)>supplier-1776434521254>Espri Restauration>Food>>1>pc>1.27>Carton>6>>>>>
1776434690642-mzf82ihvk,Sandwich - Club Jambon/Beurre,Food,,pc,pc,1,1776434690642-mzf82ihvk> Club Jambon/Beurre (42546)>supplier-1776434521254>Espri Restauration>Food>>1>pc>1.49>Carton>6>>>>>
1776434646857-miz0odtcc,Sandwich - Club Thon/Tomate/Oeuf,Food,,pc,pc,1,1776434646857-miz0odtcc> Club Thon/Tomate/Oeuf (19682)>supplier-1776434521254>Espri Restauration>Food>>1>pc>1.23>Carton>6>>>>>
1776435268127-rrezsrama,Fish & Chips,Food,Fish,kg,kg,1,1776435268127-rrezsrama>Fish & chips cable 140-170g 5KG (FISCHI)>supplier-1767860980364>Prevogel>Food>Bag>5>kg>77.50>Bag>5>>>>>
1776435746792-yioxhf0qe,Emballage hotdog,Packaging,,,pc,,1776435746792-yioxhf0qe>Emballage hotdog blanc*500>supplier-1776435684028>Manhattan hotdog>Packaging>Carton>500>pc>90.00>Carton>1>>>>>
1776436149124-tnnpbdamt,Chips - Lay's BBQ 45G,Food,,kg,pc,1,1776436149124-tnnpbdamt>Chips BBQ 45g>supplier-1761662500738>Cercle vert>Food>Bag>20>pc>13.00>Carton>20>>>>>
1776436542006-t1ujcajyj,Sucre glace,Food,,kg,kg,1,1776436542006-t1ujcajyj>Sucre glace>supplier-1761662500738>Cercle vert>Food>Carton>1>kg>2.40>Carton>1>>>>>
1776436636356-5v2rk6mbm,Pate à tartiner - Chocolat bio,Food,,kg,kg,1,1776436636356-5v2rk6mbm>Pate a tartiner chocolat bio>supplier-1761662500738>Cercle vert>Food>Bottle>2.5>kg>34.98>Bottle>1>>>>>
1776349449031-w4644bm60,Caprisun,Beverage,Soft Drink,pc,pc,1,1776349449031-w4644bm60>Caprisun>supplier-1762287668036>France Boissons IDF>Beverage>Can>1>pc>0.50>Carton>24>>>>>
1776436769855-c5458q10y,Macaronis,Food,Cereals,kg,kg,1,1776436769855-c5458q10y>Macaronis QS (11721)>supplier-1761662500738>Cercle vert>Food>Bag>5>kg>13.60>Bag>5>>>>>
1776437025304-aer4duhym,Pain de mie nature,Food,Bread,pc,pc,1,1776437025304-aer4duhym>Pain de mie nature LC 14T 550g (3405)>supplier-1761662500738>Cercle vert>Food>Carton>140>pc>25.01>Plastic Bag>14>>>>>
1776437368936-014l0jbbn,Sucre Cassonade,Food,,,kg,,1776437368936-014l0jbbn>Sucre cassonade (2911)>supplier-1761662500738>Cercle vert>Food>Bag>1>kg>2.40>Bag>1>>>>>|1777483120246-si2o3foul>Sucre Cassonade>supplier-1761652156967>Metro Auxerre>Food>Bag>1>kg>2.40>Bag>1>>>>>
1776677025228-1zvx88f8y,Popcorn salé (100g),Food,,pc,pc,1,1776677025228-1zvx88f8y>Pop corn salé 100g>supplier-1767860348669>Finger food>Food>Bag>15>pc>15.60>Carton>15>>>>>
1776437424785-rft48ooi9,Farine T45,Food,,kg,kg,1,1776437424785-rft48ooi9>Farine T45 (28086)>supplier-1761662500738>Cercle vert>Food>Bag>1>kg>0.55>Bag>1>>>>>
1775666651917-0a2l7vxbi,Cup 50/60 personnalisé,Packaging,Cup,pc,pc,1,1775666651917-0a2l7vxbi>Cup 50/60 personnalisé>supplier-1775666074275>Infiny cup>Packaging>Plastic Bag>100>pc>42.40>Plastic Bag>100>>>>>
1775288849620-3y46xd89x,Cup 25CL,Packaging,Cup,pc,pc,1,1775288849620-3y46xd89x>Lavage - Cup 25CL>supplier-1767788394077>Esprit planete>Packaging>Plastic Bag>1000>pc>110.00>Plastic Bag>100>>>>>
1775288966736-3u3hhmg8i,Cup champagne,Packaging,Cup,pc,pc,1,1775288966736-3u3hhmg8i>Lavage - Cup champagne>supplier-1767788394077>Esprit planete>Packaging>Plastic Bag>1000>pc>110.00>Plastic Bag>1>>>>>
1775666211475-cdfxfa6zi,Cup personnalisé,Packaging,Cup,pc,Pièce,1,1775666211475-cdfxfa6zi>Cup 50/60 personnalisation >supplier-1775666074275>Infiny cup>Packaging>Plastic Bag>100>Pièce>42.40>Plastic Bag>1>>>>>
1776437555851-o5d4gop4a,Curry moulu,Food,Condiment,kg,kg,1,1776437555851-o5d4gop4a>Curry Moulu >supplier-1761662500738>Cercle vert>Food>Bag>1>kg>5.50>Bag>1>>>>>
1776677485872-k5al13gyd,Concombre mini,Food,,,kg,,1776677485872-k5al13gyd>Concombre mini cat 1>supplier-1776677164417>M.Charraire>Food>>1>kg>5.38>>1>>>>>|1776694396807-w4z1ez0ic>Arena - mini concombre >supplier-1776437642936>Beaugrain>Food>Bag>1>kg>6.90>Bag>1>>>>>|1776695697311-zjbogai3i>Arena - Concombre mini cat 1>supplier-1776677164417>M.Charraire>Food>>1>kg>5.54>>1>>>>>
1776438064249-c2wiyz0xw,Chou blanc émincé,Food,Vegetable,kg,kg,1,1776438064249-c2wiyz0xw>Chou blanc émincé >supplier-1776437642936>Beaugrain>Food>Bag>1>kg>3.27>Bag>1>>>>>|1776689833996-38up4jcdv>Choux blanc emincé (4CHCHBEM8RCS)>supplier-1776677164417>M.Charraire>Food>Bag>1>kg>3.29>Bag>1>>>>>
1776677865754-4s4lsva4x,Comté,Food,,,kg,,1776677865754-4s4lsva4x>Comté 10-12 mois AOP (COMEX 12M)>supplier-1761652935093>Alazard>Food>Bag>1>kg>18.49>Bag>1>>>>>|1775740746312-7ytgvr6ub>Comté>supplier-1761652156967>Metro Auxerre>Food>>64>Pièce>20.17>>>>>>>
1776438179983-2zglwpsju,Paté de campagne,Food,,,kg,,"1776438179983-2zglwpsju>Paté de campagne 1,5KG (CH035)>supplier-1776437642936>Beaugrain>Food>Bag>1.5>kg>11.48>Bag>1>>>>>"
1776438246699-jwjard6yj,Coppa,Food,Meat,kg,kg,1,1776438246699-jwjard6yj>Coppa tranché 500g 65 tranches (CH059)>supplier-1776437642936>Beaugrain>Food>Bag>0.5>kg>10.52>Bag>1>>>>>
1776438294749-6qw056bq0,Rosette,Food,Meat,kg,kg,1,1776438294749-6qw056bq0>Rosette tranchée 500g 50 tranches (CH084)>supplier-1776437642936>Beaugrain>Food>Bag>0.5>kg>7.84>Bag>0>>>>>
1776678091950-thunxxxtw,Brie de Meaux,Food,,,kg,,1776678091950-thunxxxtw>Brie de Meaux AOP 3/4 affiné>supplier-1761652935093>Alazard>Food>Bag>1>kg>14.21>Bag>3>>>>>|1776688749568-nnbkrk0ju>Brie de Meaux AOP 3/4 affiné (BRIMERG34)>supplier-1761652935093>Alazard>Food>Bag>3>kg>44.50>Bag>3>>>>>
1776438355965-lto1yjpgo,Jambon de Bayonne,Food,,,kg,,1776438355965-lto1yjpgo>Jambon de Bayonne 20 tranches 320g (CH082)>supplier-1776437642936>Beaugrain>Food>Bag>0.32>kg>16.34>Bag>1>>>>>
1776678226687-lsfosbjmi,Crottin chavignol,Food,,,pc,,1776678226687-lsfosbjmi>Crottin chavignol AOPx12>supplier-1761652935093>Alazard>Food>Bag>1>pc>2.32>Bag>12>>>>>
1776438548315-ya880298d,Sobressade,Food,,,kg,,1776438548315-ya880298d>Soubressade Sara piquante - 10*130g>supplier-1776437642936>Beaugrain>Food>Bag>1.3>kg>24.46>Bag>1>>>>>
1776679129582-w2igzfguo,Vin chaud,Beverage,Wine,l,pc,0.1,1776679129582-w2igzfguo>Bib vin chaud hut gluwein 10L>supplier-1776759982886>Métro Paris>Beverage>BIB>1>pc>1.40>BIB>1>>>>>|1767786728884-6hakx29bq>Bib 10L - 115289>supplier-1767785678822>France Boissons Loire>Beverage>BIB>1>pc>18.80>BIB>1>>>>>|1767787912447-q1kxjy7ez>Bib 10L  - 115289>supplier-1762287668036>France Boissons IDF>Beverage>Bottle>1>pc>19.50>Bottle>1>>>>>
1776679417720-yzjbi8rvf,Merguez,Food,,,kg,,1776679417720-yzjbi8rvf>Merguez>supplier-1775199902203>Ets Denis>Food>Bag>1>kg>13.00>Bag>1>>>>>
1776679599391-x7lmvpgrx,Macaron vanille,Food,,,pc,,1776679599391-x7lmvpgrx>Macaron vanille bwt >supplier-1775668077351>La compagnie des desserts>Food>Bag>24>pc>53.00>Bag>24>>>>>
1776679692790-5p9vr8ens,Cookie,Food,,kg,pc,1,1776679692790-5p9vr8ens>Cookie 3 chocolats 60g (96918)>supplier-1775668077351>La compagnie des desserts>Food>Bag>50>pc>59.16>Bag>50>>>>>|1776699193093-3ey23e7mz>Cookie >supplier-1776698917685>La sabicherie >Food>>1>pc>4.10>>1>>>>>
1776679779185-o3j7wa3de,Gaufre,Food,,,pc,,1776679779185-o3j7wa3de>Gaufre liège 100g (160394)>supplier-1775668077351>La compagnie des desserts>Food>Bag>48>pc>51.90>Bag>48>>>>>|1776680083436-m14kebajg>Gaufre de liège vrac 100g (160610)>supplier-1775668077351>La compagnie des desserts>Food>Bag>27>pc>18.62>Bag>27>>>>>
1776679936927-bryltonba,Bretzel,Food,,pc,pc,1,1776679936927-bryltonba>Bretzel géant 150g (145)>supplier-1775668077351>La compagnie des desserts>Food>Bag>16>pc>19.08>Bag>16>>>>>
1776680226017-5rwzkltky,Assortiment de pic pop,Food,,,pc,,1776680226017-5rwzkltky>Assortiment de pic pop Classique 20g (95363)>supplier-1775668077351>La compagnie des desserts>Food>Bag>48>pc>57.32>Bag>48>>>>>
1776681334891-4h5pcok91,Super twister,Food,,,pc,,1776681334891-4h5pcok91>Max super twister 110ml>supplier-1776680277028>Relais d’or>Food>Carton>28>pc>30.75>Carton>28>>>>>
1776681416681-8ojtp74vg,Magnum amande,Food,,,pc,,1776681416681-8ojtp74vg>Magnum amande 110ml>supplier-1776680277028>Relais d’or>Food>Carton>20>pc>29.20>Carton>20>>>>>
1776681551236-izsmjnmaf,Ben & Jerry’s - Cookie dough 110ml,Food,,,pc,,1776681551236-izsmjnmaf>Bj cookie dough 100ml>supplier-1776680277028>Relais d’or>Food>Carton>12>pc>19.50>Carton>12>>>>>
1767779042662-vtbzu35qh,Sprite - Can 33CL,Beverage,Soft Drink,pc,piece,1,1767779042662-vtbzu35qh>33cl - 122646>supplier-1762287668036>France Boissons IDF>Beverage>>24>piece>15.78>>>>>>>
1767780134365-ujvzbqgbn,Granini - Maracuja,Beverage,Soft Drink,l,pc,1,1767780134365-ujvzbqgbn>1L - 104562>supplier-1762287668036>France Boissons IDF>Beverage>Bottle>1>pc>3.28>Carton>6>6>>>>
1767785817625-xds002d42,Krombacher - Fut 30L,Beverage,Beer,l,l,0.033,1767785817625-xds002d42>30L - SKU : BFU032162 EAN : 951>supplier-1767785699279>V&B (Le Mans)>Beverage>Fût>30>l>69.17>Fût>30>>>>>
1767780218939-f7onv8oj4,Granini - Ananas,Beverage,Soft Drink,l,pc,1,1767780218939-f7onv8oj4>1L - 82410>supplier-1762287668036>France Boissons IDF>Beverage>Bottle>1>pc>2.15>Carton>6>>6>>>
1776683026096-5by5s5fep,Pastel de nata,Food,,,pc,,1776683026096-5by5s5fep>Pastel de nata>supplier-1775199633073>Croc wich>Food>>1>pc>0.63>>1>>>>>|1776686221908-8b4lg5z53>Pastel de nata 58g>supplier-1775668077351>La compagnie des desserts>Food>Bag>72>pc>59.64>Bag>72>>>>>
1767780316118-yo0ei8d4v,Granini - Goyave,Beverage,Soft Drink,l,pc,1,1767780316118-yo0ei8d4v>1L - 82413>supplier-1762287668036>France Boissons IDF>Beverage>Bottle>1>pc>2.46>Carton>6>6>>>>
1767785867944-qczvopmx2,Tube C02,Beverage,,,kg,,1767785867944-qczvopmx2>10kg - SKU : ABI040175 EAN : 180>supplier-1767785699279>V&B (Le Mans)>Beverage>>10>kg>40.83>>>>>>>|1767783807953-3rnclrurg>5KG - 96996>supplier-1762287668036>France Boissons IDF>Beverage>>5>kg>22.16>>>>>>>|1767783865877-cc1pfwaxt>10kg - 96998>supplier-1762287668036>France Boissons IDF>Beverage>>10>kg>37.53>>>>>>>
1767780640929-g25wat1x2,Chandon garden Spritz,Beverage,Sparkling Wine,l,pc,1.33,1767780640929-g25wat1x2>75cl - 116829>supplier-1762287668036>France Boissons IDF>Beverage>Bottle>1>pc>17.98>Carton>6>>>>>
1767785950703-8egpltm8d,Jipernel - Fut 30L,Beverage,Beer,l,l,1,1767785950703-8egpltm8d>30L - SKU : BFU046942 EAN : 3156140738017>supplier-1767785699279>V&B (Le Mans)>Beverage>Fût>30>l>69.17>Fût>30>>>>>|1767786056294-hsuicdf40>30L - SKU : BFU046942 EAN : 3156140738017>supplier-1767785699279>V&B (Le Mans)>Beverage>Fût>30>l>75.00>Fût>30>>>>>
1767781204943-aqotzzwp2,Rhum - Captain Morgan,Beverage,Liquor,l,pc,1.428,1767781204943-aqotzzwp2>70cl - 100884>supplier-1762287668036>France Boissons IDF>Beverage>Bottle>1>pc>12.96>Carton>6>>6>>>
1780311825633-3nuxg474l,Mocktail jolie cœur,Beverage,,,l,,1780311825633-3nuxg474l>Mocktail jolie cœur - bib 3L>supplier-1762287668036>France Boissons IDF>Beverage>BIB>3>l>26.30>BIB>3>>>>>
1767781321139-5j6mosal5,Vodka - Smirnoff 21 Red,Beverage,Liquor,l,pc,1.428,1767781321139-5j6mosal5>70cl - 11196>supplier-1762287668036>France Boissons IDF>Beverage>Bottle>1>pc>11.88>Carton>6>>>>>
1776683236257-ubxqsbjkc,Epinard,Food,,,kg,,1776683236257-ubxqsbjkc>Épinard 1k >supplier-1776759982886>Métro Paris>Food>Bag>1>kg>6.99>Bag>1>>>>>|1776689893388-m05xg0hss>Pousse épinard hve>supplier-1776677164417>M.Charraire>Food>Bag>1>kg>7.38>Bag>1>>>>>
1767781408454-6w2a2kx80,Whisky - J&B,Beverage,Liquor,l,pc,1.428,1767781408454-6w2a2kx80>70cl - 11185 >supplier-1762287668036>France Boissons IDF>Beverage>Bottle>1>pc>15.25>Carton>6>>>>>
1776684160131-w7w1o5tql,Doritos nature,Food,,kg,kg,1,1776684160131-w7w1o5tql>Doritos nature 455g>supplier-1776759982886>Métro Paris>Food>Bag>0.455>kg>3.97>Bag>1>>>>>
1776684949963-ymoz6q5n3,Thé,Beverage,,,pc,,1776684949963-ymoz6q5n3>Thé 100 sc fraich Lipton yellow>supplier-1776759982886>Métro Paris>Beverage>Bag>100>pc>8.16>Bag>100>>>>>
1776685074854-ukf931mia,Gobelet kraft 0.3ML,Packaging,,,pc,,1776685074854-ukf931mia>Gobelet kraft 0.3ML>supplier-1776759982886>Métro Paris>Packaging>Carton>50>pc>2.65>Carton>50>>>>>
1776685142150-jwvq243yv,Gobelet kraft 0.2ML,Packaging,,,pc,,1776685142150-jwvq243yv>Gobelet kraft 0.2ML>supplier-1776759982886>Métro Paris>Packaging>Carton>50>pc>2.35>Carton>50>>>>>
1776685494931-omanyz1cz,Vodka - Eristoff,Beverage,Liquor,l,pc,1.428,1776685494931-omanyz1cz>Eristoff 70cl>supplier-1776759982886>Métro Paris>Beverage>Bottle>1>pc>9.27>Carton>6>>>>>
1776685697959-wm4fc8a8o,Cheddar rouge tranches,Food,,,pc,,1776685697959-wm4fc8a8o>Cheddar rge 50tr >supplier-1776759982886>Métro Paris>Food>Bag>50>pc>10.98>Bag>50>>>>>
1776685803509-knb49lzyf,Sandwich - Club dinde,Food,,,pc,,1776685803509-knb49lzyf>Club dinde pain de mie malté>supplier-1775199633073>Croc wich>Food>>1>pc>2.40>>1>>>>>|1776688023993-r1fmsmmq8>Club dinde >supplier-1775199633073>Croc wich>Food>>1>pc>2.40>>1>>>>>
1776685942353-a6unaug58,Jus de citron vert,Beverage,,l,pc,1,1776685942353-a6unaug58>Jus de citron vert 1l>supplier-1761662500738>Cercle vert>Beverage>Bottle>1>pc>2.80>Bottle>1>>>>>
1767782786877-6tccsspfv,Budweiser - 30L,Beverage,Beer,l,liter,1,1767782786877-6tccsspfv>30L - 114646>supplier-1762287668036>France Boissons IDF>Beverage>>30>liter>94.61>>>>>>>
1767782927838-q8odp5g07,Coca-Cola Original - BIB 19L,Beverage,Soft Drink,l,litre,1,1767782927838-q8odp5g07>Bib 19L - 13242>supplier-1762287668036>France Boissons IDF>Beverage>>19>litre>228.23>>>>>>>
1767783015821-wzhro2bfn,Coca-Cola Sans Sucre - BIB 5L,Beverage,Soft Drink,l,liter,1,1767783015821-wzhro2bfn>Bib 5L>supplier-1762287668036>France Boissons IDF>Beverage>>5>liter>62.94>>>>>>>
1767783086137-lw9pzuota,Fuze Tea - BIB 5L,Beverage,Soft Drink,l,l,1,1767783086137-lw9pzuota>Bib 5L - 112947>supplier-1762287668036>France Boissons IDF>Beverage>BIB>5>l>78.87>BIB>5>1>1>80>50>50
1767787047137-2nkh5thkw,Cristaline - 50 CL,Beverage,Water,pc,pc,1,1767787047137-2nkh5thkw>50cl - 62907>supplier-1762287668036>France Boissons IDF>Beverage>Carton>24>pc>5.42>Carton>24>>>>>|1767786361289-295nhuwm4>50cl - 122633>supplier-1767785678822>France Boissons Loire>Beverage>Carton>24>pc>11.27>Carton>24>>>>>
1767783430885-wpeb7ummy,Fanta orange - CAN 33cl,Beverage,Soft Drink,pc,piece,1,1767783430885-wpeb7ummy>33cl - 122917>supplier-1762287668036>France Boissons IDF>Beverage>Carton>24>piece>17.75>Carton>24>>>>>
1767783709911-ma5w2zmwv,Rhum - Dillon (3L),Beverage,Liquor,l,l,1,1767783709911-ma5w2zmwv>Bib 3L - 113233>supplier-1762287668036>France Boissons IDF>Beverage>BIB>3>l>55.80>BIB>3>>>>>
1767784077554-hq6go2kxx,Sirop de grenadine,Beverage,Soft Drink,l,pc,1,1767784077554-hq6go2kxx>1L - 111368>supplier-1762287668036>France Boissons IDF>Beverage>Bottle>1>pc>5.00>Bottle>1>>>>>|1776685330419-n9rn8ob1f>Sirop rioba grenadine 1l>supplier-1776759982886>Métro Paris>Beverage>Bottle>1>pc>2.21>Bottle>1>>>>>
1767784199889-vonyobapg,Gin - Gordon's London,Beverage,Liquor,l,pc,1.428,1767784199889-vonyobapg>70cl - 11209>supplier-1762287668036>France Boissons IDF>Beverage>Bottle>1>pc>12.72>Carton>6>>>>>
1767784371922-3wbsz0j1f,Coca-Cola Cherry - BIB 5L,Beverage,Soft Drink,l,liter,1,1767784371922-3wbsz0j1f>Bib 5L - 115722>supplier-1762287668036>France Boissons IDF>Beverage>BIB>5>liter>87.51>>>>>>>
1776686994891-80ymyn6xm,Saucisse de bœuf,Food,,,kg,,1776686994891-80ymyn6xm>Saucisse a hot dog boeuf >supplier-1761663146414>Marguerite>Food>Bag>1>kg>12.40>Bag>1>>>>>
1776687612414-yv4p5vkxk,Sandwich - Club rosette,Food,,,pc,,1776687612414-yv4p5vkxk>Club rosette fromage >supplier-1775199633073>Croc wich>Food>Bag>1>pc>2.60>Bag>1>>>>>
1776687673675-xdug5lg1l,Sandwich - Club thon,Food,,,pc,,1776687673675-xdug5lg1l>Sandwich - Club thon Concombre>supplier-1775199633073>Croc wich>Food>>1>pc>2.21>>1>>>>>
1776687743769-h9bqete3j,Sandwich - Club tomate mozzarella,Food,,,pc,,1776687743769-h9bqete3j>Sandwich - Club tomate mozzarella >supplier-1775199633073>Croc wich>Food>>1>pc>2.60>>1>>>>>
1776687799418-lhbvvd64f,Wrap kebab,Food,,,pc,,1776687799418-lhbvvd64f>Wrap kebab libanais >supplier-1775199633073>Croc wich>Food>>1>pc>2.25>>1>>>>>
1776687847524-4n9dcs9s9,Wrap poulet olive,Food,,,pc,,1776687847524-4n9dcs9s9>Wrap poulet olive >supplier-1775199633073>Croc wich>Food>>1>pc>2.30>>1>>>>>
1776687877644-7aln6qkcn,Wrap vegan,Food,,,pc,,1776687877644-7aln6qkcn>Wrap vegan >supplier-1775199633073>Croc wich>Food>>1>pc>2.55>>1>>>>>
1776687937758-fgetk0egc,Part de flan,Food,,,pc,,1776687937758-fgetk0egc>Part de flan >supplier-1775199633073>Croc wich>Food>>1>pc>1.99>>1>>>>>
1776688580719-dh24b74ux,Beurre doux individuel,Food,,,pc,,1776688580719-dh24b74ux>Beurre doux micro pain doux *100 10g>supplier-1761652935093>Alazard>Food>Carton>100>pc>13.18>Carton>100>>>>>
1776688835509-bggqosizi,Morbier,Food,,,pc,,1776688835509-bggqosizi>Portion morbier *24 30g>supplier-1761652935093>Alazard>Food>Carton>24>pc>16.85>Carton>24>>>>>
1776688931457-yxlm26f76,Saint nectaire,Food,,,kg,,1776688931457-yxlm26f76>Saint nectaire fermier AOP >supplier-1761652935093>Alazard>Food>Bag>1>kg>17.47>Bag>1>>>>>
1775669413028-zunwn77l7,Offre asiatique AJA,Food,,,Piece,,1775669413028-zunwn77l7>Boeuf fromage >supplier-1775669085717>Tang frère>Food>>50>Piece>45.00>>>>>>>|1775669567851-mq1jjur2b>Yakitori>supplier-1775669085717>Tang frère>Food>>50>Piece>30.00>>>>>>>|1775670101419-4zpc80sfv>Nouille>supplier-1775669085717>Tang frère>Food>>1>Piece>1.46>>>>>>>|1775687204974-e1zbtlmxq>X1>supplier-1775669085717>Tang frère>Food>>24>pc>15.25>>>>>>>
1775288910887-6hf3gtxl1,Cup 50CL,Packaging,Cup,pc,pc,1,1775288910887-6hf3gtxl1>Lavage - Cup 50CL>supplier-1767788394077>Esprit planete>Packaging>Plastic Bag>1000>pc>110.00>Plastic Bag>100>>>>>
1775289048754-ig0fj1fc0,Cup vin,Packaging,,pc,pc,1,1775289048754-ig0fj1fc0>Lavage - Cup vin >supplier-1767788394077>Esprit planete>Packaging>>1000>pc>110.00>>1>>>>>
1775290109618-dhqnuoddp,Sprite - BIB 5L,Beverage,Soft Drink,l,l,1,1775290109618-dhqnuoddp>Sprite - Bib 5L>supplier-1762287668036>France Boissons IDF>Beverage>BIB>5>l>56.92>BIB>5>>>>>
1775291256149-ihf91eksb,Champagne - Veuve Clicquot 75 cl,Beverage,Champagne,l,pc,1.33,1775291256149-ihf91eksb>PFC - Veuve Clicquot 75CL>supplier-1767861222087>Charles Heidsieck>Beverage>Bottle>1>pc>33.78>Carton>6>>>>>
1775291562808-3ja0c7ohs,Champagne - Piper Heidsieck 75CL,Beverage,Champagne,l,pc,1.33,1775291562808-3ja0c7ohs>SFP - Champagne Piper Heidsieck 75CL>supplier-1767861222087>Charles Heidsieck>Beverage>Bottle>1>pc>16.31>Carton>6>>>>>
1776689052318-wmgb2v5s3,Champignon de Paris,Food,Vegetable,kg,kg,1,1776689052318-wmgb2v5s3>Champignon de paris moyen>supplier-1776677164417>M.Charraire>Food>Bag>1>kg>4.28>Bag>1>>>>>
1767789974715-iyek92a7s,Waterco - Eau gazeuse TEST,Beverage,Water,pc,pc,1,1767789974715-iyek92a7s>Gourde gazeuse>supplier-1767789799195>Waterco>Beverage>Bottle>1>pc>1.80>Bottle>1>>>>>
1763778830789-22-a2rfqfcb3,Cheddar Tranche,Food,Dairy,pc,kg,0.003,1763778830789-22-a2rfqfcb3>Cheddar Tranche - CHEDTRA 45>supplier-1761652935093>Alazard>Food>Plastic Bag>1>kg>11.64>Plastic Bag>1>>>>>|1777470985174-gw8m67mhn>Cheddar Tranche>supplier-1761652156967>Metro Auxerre>Food>Plastic Bag>1>kg>11.64>Plastic Bag>1>>>>>
1767788170271-xtjpi2k12,Tsingtao - fut 30L,Beverage,Beer,l,l,1,1767788170271-xtjpi2k12>30L - 124090>supplier-1762287668036>France Boissons IDF>Beverage>Fût>30>l>90.00>Fût>30>>>>>
1775737070623-qnu1m4cl8,Bouquet garni,Food,,,Pièce,,1775737070623-qnu1m4cl8>Bouquet garni>supplier-1761652156967>Metro Auxerre>Food>>5>Pièce>5.44>>>>>>>
1779285420432-5yb37rjjo,Cognac - Hennessy vs 70d,Beverage,,l,pc,1.428,1779285420432-5yb37rjjo>HNSY VERY SPECIAL M23 70CL C6 COGNAC>supplier-1767860945083>Moet hennessy>Beverage>Bottle>1>pc>28.78>Carton>6>>>>>|1776685589916-ukia52092>Cognac - Hennessy vs 40d 70cl>supplier-1776759982886>Métro Paris>Beverage>Bottle>1>pc>30.68>Carton>6>>>>>
1767784899867-k9hncmk7z,Canada dry,Beverage,Soft Drink,l,pc,0.666,"1767784899867-k9hncmk7z>Ginger ale 1,5L - 122943>supplier-1762287668036>France Boissons IDF>Beverage>Carton>6>pc>19.00>Carton>6>>>>>"
1776689319604-p5dc5shwd,Poire conférence,Food,,,kg,,1776689319604-p5dc5shwd>Arena - Poire conférence >supplier-1776677164417>M.Charraire>Food>Bag>1>kg>2.15>Bag>1>>>>>
1775291135650-s1s4qz1ct,Champagne - Moet & Chandon 75cl,Beverage,Champagne,l,pc,1.33,1775291135650-s1s4qz1ct>Adidas arena - Moet & Chandon 75CL>supplier-1767860945083>Moet hennessy>Beverage>Bottle>1>pc>30.26>Carton>6>>>>>
1775290731317-b7cwlp18r,Fanta orange - BIB 5L,Beverage,Soft Drink,l,Liter,1,1775290731317-b7cwlp18r>Fanta orange BIB 5L >supplier-1762287668036>France Boissons IDF>Beverage>>5>Liter>56.92>>>>>>>
1776689353925-jvri2zxj5,Blette,Food,,,kg,,1776689353925-jvri2zxj5>Blette >supplier-1776677164417>M.Charraire>Food>Bag>1>kg>3.08>Bag>1>>>>>
1776689501035-aqyso2jdn,Oignon blanc,Food,,,kg,,1776689501035-aqyso2jdn>Oignon blanc 10kg>supplier-1776677164417>M.Charraire>Food>>1>kg>2.31>Bag>10>>>>>
1776689559467-f5i3t7lre,Potimarron,Food,,,kg,,1776689559467-f5i3t7lre>Potimarron >supplier-1776677164417>M.Charraire>Food>>1>kg>2.77>>1>>>>>
1767860411708-sy3lkwe62,Popcorn sucré (140g),Food,,pc,piece,1,1767860411708-sy3lkwe62>Pop corn sucré 140g>supplier-1767860348669>Finger food>Food>>15>piece>15.75>>>>>>>
1777473113970-98cpi5lhr,Eau,Beverage,Water,l,l,1,1777473113970-98cpi5lhr>Eau>supplier-1777472915271>Utility Auxerre>Beverage>>1>l>0.01>>1>>>>>
1767861359474-pa7s665p6,Vin rouge - Pinot noir,Beverage,Wine,l,pc,1.33,1767861359474-pa7s665p6>SFP - Pinot noir rouge 2022>supplier-1767860896300>La chablisienne>Beverage>Bottle>1>pc>6.50>Carton>6>6>1>>>
1767861482809-et29ja7h2,Vin blanc - Chablis,Beverage,Wine,l,pc,1.33,1767861482809-et29ja7h2>SFP - Chablis 2021>supplier-1767860896300>La chablisienne>Beverage>Bottle>1>pc>6.50>Carton>6>6>1>>>
1767862110907-ct1fzenk2,"Champagne - Piper Heidsieck 1,5L",Beverage,Champagne,pc,pc,1,"1767862110907-ct1fzenk2>SFP - Champagne PH 1,5L>supplier-1767861222087>Charles Heidsieck>Beverage>Bottle>1>pc>47.24>Bottle>1>>>>>"
1775227602639-pa4jzq5p0,Sel - Dosettes,Food,Condiment,pc,Pièce,1,1775227602639-pa4jzq5p0>SEL DOSETTES x1000 RIOBA>supplier-1761652156967>Metro Auxerre>Food>>1000>Pièce>3.98>>>>>>>
1767862820318-0y3pehppq,Vin rosé - Minuty prestige,Beverage,Wine,l,pc,1.33,1767862820318-0y3pehppq>PFC - Minuty prestige Rosé 75cl  1111817>supplier-1767860945083>Moet hennessy>Beverage>Bottle>1>pc>12.67>Carton>6>>>>>
1776689945973-4346522kl,Mélange jeunes pousses,Food,,,kg,,1776689945973-4346522kl>Mélange jeunes pousses hve>supplier-1776677164417>M.Charraire>Food>>1>kg>8.00>>1>>>>>
1776690190475-wbb0g1e0r,Sable cœur coulant,Food,,,pc,,1776690190475-wbb0g1e0r>Arena - sable cœur coulant chocolat >supplier-1775668077351>La compagnie des desserts>Food>Bag>46>pc>75.05>Bag>46>>>>>
1776690270480-mw7fyraqh,Lait concentré,Food,,,kg,,1776690270480-mw7fyraqh>Lait concentré sucre >supplier-1761662500738>Cercle vert>Food>Bottle>0.397>kg>3.28>Bottle>1>>>>>
1776687081147-0rnltjobr,Viande hachée - Steak 65g,Food,,kg,kg,1,1776687081147-0rnltjobr>Arena - Steak haché 65g>supplier-1775199902203>Ets Denis>Food>Bag>1>kg>14.80>Bag>1>>>>>
1776691462452-l0bhmqe1z,Crottin de chèvre,Food,,,pc,,1776691462452-l0bhmqe1z>Crottin de chèvre pays x12 60g>supplier-1761652935093>Alazard>Food>>1>pc>1.62>>12>>>>>
1776691882301-2ggq81vgq,Tomate concentré,Food,,,kg,,1776691882301-2ggq81vgq>Tomate concentré 28%>supplier-1761662500738>Cercle vert>Food>Can>0.82>kg>3.40>Can>1>>>>>
1776691953762-abqzrf4e0,Harissa,Food,,,kg,,1776691953762-abqzrf4e0>Arena - harissa 4/4>supplier-1761662500738>Cercle vert>Food>Can>0.82>kg>2.44>Can>1>>>>>
1776692020823-5ltrlh763,Arôme de vanille,Food,,,l,,1776692020823-5ltrlh763>Arena - arôme vanille 1L>supplier-1761662500738>Cercle vert>Food>Bottle>1>l>4.80>Can>1>>>>>
1776692331171-nep6vlpex,Crème épaisse 30%,Food,,,l,,1776692331171-nep6vlpex>Arena - crème 30% sceau 5L>supplier-1761652935093>Alazard>Food>Bag>1>l>5.10>Bag>5>>>>>
1776692393282-e3814sl8g,Tomate ananas,Food,,,kg,,1776692393282-e3814sl8g>Arena - tomate ananas >supplier-1776677164417>M.Charraire>Food>>1>kg>6.53>>1>>>>>
1776692592717-bb73p7oqu,Carotte,Food,,,kg,,1776692592717-bb73p7oqu>Arena - carotte plateau >supplier-1776677164417>M.Charraire>Food>Bag>1>kg>1.20>Bag>1>>>>>|1776698485574-utk5eu6ew>Arena - Carotte sac >supplier-1776677164417>M.Charraire>Food>>1>kg>0.77>>10>>>>>
1776692657035-y5ahhmnhc,Oignon rouge,Food,,,kg,,1776692657035-y5ahhmnhc>Arena - oignon rouge filet 10kg>supplier-1776677164417>M.Charraire>Food>Bag>10>kg>10.80>Bag>10>>>>>
1776692808694-xxq1zqwbt,Tomate cœur de bœuf,Food,,,kg,,1776692808694-xxq1zqwbt>Arena - tomate cœur de bœuf >supplier-1776677164417>M.Charraire>Food>>1>kg>7.69>>1>>>>>
1776692859294-an7uj3qoh,Tomate Green zébra,Food,,,kg,,1776692859294-an7uj3qoh>Arena - tomate Green zébra >supplier-1776677164417>M.Charraire>Food>>1>kg>8.87>>1>>>>>
1776692914027-a177s7tko,Brocolis,Food,,,kg,,1776692914027-a177s7tko>Arena - brocolis>supplier-1776677164417>M.Charraire>Food>>1>kg>2.44>>1>>>>>|1776694753718-l59t0l46v>Arena - brocolis>supplier-1776437642936>Beaugrain>Food>Bag>7.6>kg>26.22>Bag>1>>>>>|1776695624654-d3661iagb>Arena - brocolis>supplier-1776677164417>M.Charraire>Food>>1>kg>2.61>>1>>>>>
1776692973140-vi0gac7wd,Betterave cuite,Food,,,kg,,1776692973140-vi0gac7wd>Arena - betterave cuite 500g>supplier-1776677164417>M.Charraire>Food>Bag>0.5>kg>1.05>Bag>1>>>>>
1776693024658-gozply0ys,Pleurote,Food,Vegetable,kg,kg,1,1776693024658-gozply0ys>Paris - pleurote grise égalim>supplier-1776677164417>M.Charraire>Food>Bag>1>kg>8.46>Bag>1>>>>>
1776693152817-6juw2vq0d,Pain pita,Food,,,pc,,1776693152817-6juw2vq0d>Arena - pain pita >supplier-1776693103451>Arc en ciel>Food>Bag>1>pc>0.45>Bag>1>>>>>
1776694144021-ll7931pxb,Viande hachée - Steak 150g,Food,Meat,pc,pc,1,1776694144021-ll7931pxb>Arena - SH 150g>supplier-1776759982886>Métro Paris>Food>Bag>8>pc>18.90>Bag>8>>>>>
1776694494759-e5p7sgs1f,Poitrine de veau,Food,,,kg,,1776694494759-e5p7sgs1f>Arena - poitrine de veau>supplier-1776437642936>Beaugrain>Food>Bag>1>kg>20.34>Bag>1>>>>>|1776696078646-q0b0faohs>Arena - poitrine de veau>supplier-1775199902203>Ets Denis>Food>>1>kg>9.50>>1>>>>>
1776694549554-3myj2bb5s,Haut de cuisse de dinde,Food,,,kg,,1776694549554-3myj2bb5s>Arena - Haut de cuisse de dinde halal >supplier-1776437642936>Beaugrain>Food>>1>kg>8.33>>1>>>>>|1776696008167-3y68dl1mw>Arena - cuisse dinde >supplier-1775199902203>Ets Denis>Food>>1>kg>6.50>>1>>>>>
1767785030387-ueptpnjba,La French - Tonic pamplemousse,Beverage,Soft Drink,l,liter,1,1767785030387-ueptpnjba>TOnic pamplemousse - 121017>supplier-1762287668036>France Boissons IDF>Beverage>>6>liter>10.72>>>>>>>
1776694866832-u5zp2nlme,Courge butternut,Food,,,kg,,1776694866832-u5zp2nlme>Arena - courge butternut >supplier-1776437642936>Beaugrain>Food>>1>kg>1.73>>1>>>>>
1776694951254-owuv6myep,Cebette Thai,Food,,,kg,,1776694951254-owuv6myep>Arena - cebette >supplier-1776437642936>Beaugrain>Food>Bag>0.05>kg>3.28>Bag>1>>>>>
1776695013167-ljb9poryf,Citron vert,Food,,kg,kg,1,1776695013167-ljb9poryf>Arena - citron vert >supplier-1776437642936>Beaugrain>Food>>1>kg>3.88>>1>>>>>
1776695072148-186twwlzy,Citron jaune,Food,,,kg,,1776695072148-186twwlzy>Arena - citron jaune >supplier-1776437642936>Beaugrain>Food>>1>kg>2.57>>1>>>>>
1776695788118-lweurrbdc,Civette-ciboulette,Food,,,kg,,1776695788118-lweurrbdc>Arena - civette ciboulette botte>supplier-1776677164417>M.Charraire>Food>>0.05>kg>0.55>>1>>>>>
1776695850534-31izh3e18,Banane,Food,,,kg,,1776695850534-31izh3e18>Arena - banane >supplier-1776677164417>M.Charraire>Food>>1>kg>1.69>>1>>>>>
1776696854909-uifahwum9,Boîte pâtissière,Packaging,,,pc,,1776696854909-uifahwum9>Arena - boite patissiere 32x5>supplier-1776759982886>Métro Paris>Packaging>Carton>50>pc>19.96>Carton>1>>>>>
1776696967890-4ixz1pcqe,Fleur hibiscus,Packaging,,,kg,,1776696967890-4ixz1pcqe>Arena - fleur hibi >supplier-1761662500738>Cercle vert>Packaging>Bag>0.5>kg>11.00>Bag>1>>>>>
1776697087618-rhjni7hkq,Sucre vanillé,Food,,,kg,,1776697087618-rhjni7hkq>Arena - sucre vanillé>supplier-1761662500738>Cercle vert>Food>Bag>0.075>kg>3.07>Bag>1>>>>>
1776697147003-kraftlepg,Arôme fleur oranger,Food,,,l,,1776697147003-kraftlepg>Arena - arôme fleur oranger>supplier-1761662500738>Cercle vert>Food>Bottle>0.5>l>2.26>Bottle>1>>>>>
1776697270068-7ojqdrv5p,Oignon cebette,Food,,,kg,,1776697270068-7ojqdrv5p>Arena - oignon cebette botte>supplier-1776677164417>M.Charraire>Food>Bag>0.15>kg>3.00>Bag>1>>>>>
1776697343758-5r808wbu8,Échalote cuisse de poulet,Food,,,kg,,1776697343758-5r808wbu8>Arena - échalote cuisse de poulet 5kg>supplier-1776677164417>M.Charraire>Food>Bag>1>kg>1.15>Bag>5>>>>>
1776697410020-qgcmqmihp,Clémentine,Food,,,kg,,1776697410020-qgcmqmihp>Arena - clementine >supplier-1776677164417>M.Charraire>Food>Bag>1>kg>2.77>Bag>2>>>>>
1776697540595-rv9vvuypo,Beignet chocolat,Food,,,pc,,1776697540595-rv9vvuypo>Arena - beignet chocolat >supplier-1775199633073>Croc wich>Food>>1>pc>1.04>>1>>>>>
1776697596970-ag79kjvs9,Maxi pain au chocolat,Food,,,pc,,1776697596970-ag79kjvs9>Arena - maxi pain au choco>supplier-1775199633073>Croc wich>Food>>1>pc>1.11>>1>>>>>
1776697696647-6oan9skpy,Croissant beurre,Food,,,pc,,1776697696647-6oan9skpy>Arena - croissant beurre>supplier-1776697639758>Dupain>Food>>1>pc>1.15>>1>>>>>
1776697754165-7b315yl57,Pain chocolat,Food,,,pc,,1776697754165-7b315yl57>Arena - pain chocolat>supplier-1776697639758>Dupain>Food>>1>pc>1.30>>1>>>>>
1776698157996-wokqdcfn9,Menthe,Food,,,kg,,1776698157996-wokqdcfn9>Arena - Menthe botte >supplier-1776677164417>M.Charraire>Food>>0.03>kg>0.52>>1>>>>>
1776698252585-cp7fikaou,Muffin caramel,Food,,,pc,,1776698252585-cp7fikaou>Arena - muffin caramel >supplier-1775199633073>Croc wich>Food>>1>pc>1.66>>1>>>>>
1776698438410-k7d4jif63,Camembert au lait cru,Food,,,kg,,1776698438410-k7d4jif63>Camembert 250g>supplier-1761652935093>Alazard>Food>>0.25>kg>3.97>>1>>>>>
1776698565699-n85w90b5s,Chou rouge,Food,,,kg,,1776698565699-n85w90b5s>Arena - Chou rouge >supplier-1776677164417>M.Charraire>Food>>1>kg>1.00>>1>>>>>
1776698723860-4njjknmv3,Œuf liquide Jaune,Food,,,l,,1776698723860-4njjknmv3>Arena — oeuf Liquide jaune >supplier-1761652935093>Alazard>Food>Bottle>1>l>8.70>Bottle>1>>>>>
1776698974030-ean639h4n,Bagel thon,Food,,,pc,,1776698974030-ean639h4n>Arena - bagel thon >supplier-1776698917685>La sabicherie >Food>>1>pc>9.00>>1>>>>>
1776699020740-j9mn4il1o,Bagel poulet,Food,,,pc,,1776699020740-j9mn4il1o>Arena - bagel poulet>supplier-1776698917685>La sabicherie >Food>>1>pc>9.00>>1>>>>>
1776699245476-ew9g4ewk0,Bamba,Food,,,pc,,1776699245476-ew9g4ewk0>Arena - bamba>supplier-1776698917685>La sabicherie >Food>>1.5>pc>0.00>>1>>>>>
1776699476549-psoupzk7u,Bagel dinde,Food,,,pc,,1776699476549-psoupzk7u>Arena - bagel dinde >supplier-1776698917685>La sabicherie >Food>>1>pc>9.00>>1>>>>>
1776699553680-jqdt9l4te,Babka,Food,,,pc,,1776699553680-jqdt9l4te>Arena - babka>supplier-1776698917685>La sabicherie >Food>>1>pc>5.00>>1>>>>>
1776685193564-2tgk2w2wy,Agitateur bois,Packaging,,,pc,,1776685193564-2tgk2w2wy>Agitateur bois>supplier-1776759982886>Métro Paris>Packaging>Carton>1000>pc>2.92>Carton>1000>>>>>
1774986010321-9b4f7flo7,Coca-Cola Original - CAN 33CL,Beverage,Soft Drink,pc,pc,1,1774986010321-9b4f7flo7>33cl - 122640>supplier-1762287668036>France Boissons IDF>Beverage>Carton>24>pc>18.04>Carton>24>1>1>60>30>15
1774986781220-huc0fiu0i,Coca-Cola Original - PET 50CL,Beverage,Soft Drink,pc,pc,1,1774986781220-huc0fiu0i>PET 50 - 122633>supplier-1762287668036>France Boissons IDF>Beverage>Bottle>1>pc>1.26>Carton>24>1>1>85>40>20